CODE,scenario,lower,median,upper,indicator
E47000001,1981-2000,-6.6,-6.2,-5.7,Winter Minimum Temperature Change
E47000002,1981-2000,-7.2,-6.9,-6.5,Winter Minimum Temperature Change
E47000003,1981-2000,-7.1,-6.8,-6.5,Winter Minimum Temperature Change
E47000004,1981-2000,-5.8,-5.5,-5.1,Winter Minimum Temperature Change
E47000006,1981-2000,-7.5,-7.1,-6.7,Winter Minimum Temperature Change
E47000007,1981-2000,-8.0,-7.5,-7.0,Winter Minimum Temperature Change
E47000008,1981-2000,-8.1,-7.5,-7.1,Winter Minimum Temperature Change
E47000009,1981-2000,-7.4,-6.7,-6.5,Winter Minimum Temperature Change
E47000010,1981-2000,-8.3,-8.0,-7.7,Winter Minimum Temperature Change
E47000011,1981-2000,-8.6,-8.3,-8.0,Winter Minimum Temperature Change
E10000003,1981-2000,-8.1,-7.5,-7.1,Winter Minimum Temperature Change
E10000007,1981-2000,-8.1,-7.8,-7.3,Winter Minimum Temperature Change
E10000008,1981-2000,-6.1,-5.8,-5.3,Winter Minimum Temperature Change
E10000011,1981-2000,-7.1,-6.5,-6.1,Winter Minimum Temperature Change
E10000012,1981-2000,-7.3,-6.9,-6.6,Winter Minimum Temperature Change
E10000013,1981-2000,-8.1,-7.7,-7.1,Winter Minimum Temperature Change
E10000014,1981-2000,-7.6,-7.2,-6.8,Winter Minimum Temperature Change
E10000015,1981-2000,-8.0,-7.4,-7.1,Winter Minimum Temperature Change
E10000016,1981-2000,-7.0,-6.5,-6.2,Winter Minimum Temperature Change
E10000017,1981-2000,-7.0,-6.9,-6.3,Winter Minimum Temperature Change
E10000018,1981-2000,-8.7,-8.2,-7.6,Winter Minimum Temperature Change
E10000019,1981-2000,-7.5,-7.1,-6.5,Winter Minimum Temperature Change
E10000020,1981-2000,-7.1,-6.7,-6.4,Winter Minimum Temperature Change
E10000024,1981-2000,-7.7,-7.4,-6.7,Winter Minimum Temperature Change
E10000025,1981-2000,-8.4,-8.1,-7.5,Winter Minimum Temperature Change
E10000028,1981-2000,-8.0,-7.7,-7.2,Winter Minimum Temperature Change
E10000029,1981-2000,-7.0,-6.5,-6.4,Winter Minimum Temperature Change
E10000030,1981-2000,-7.9,-7.5,-7.1,Winter Minimum Temperature Change
E10000031,1981-2000,-8.5,-7.9,-7.5,Winter Minimum Temperature Change
E10000032,1981-2000,-7.4,-6.9,-6.5,Winter Minimum Temperature Change
E10000034,1981-2000,-8.1,-7.7,-7.2,Winter Minimum Temperature Change
E06000001,1981-2000,-6.6,-6.2,-5.8,Winter Minimum Temperature Change
E06000002,1981-2000,-7.4,-6.9,-6.4,Winter Minimum Temperature Change
E06000003,1981-2000,-6.8,-6.4,-6.1,Winter Minimum Temperature Change
E06000004,1981-2000,-8.0,-7.6,-7.0,Winter Minimum Temperature Change
E06000005,1981-2000,-8.4,-7.9,-7.3,Winter Minimum Temperature Change
E06000006,1981-2000,-6.5,-6.2,-5.6,Winter Minimum Temperature Change
E06000007,1981-2000,-6.8,-6.3,-5.5,Winter Minimum Temperature Change
E06000008,1981-2000,-7.3,-6.8,-6.6,Winter Minimum Temperature Change
E06000009,1981-2000,-6.6,-6.4,-5.9,Winter Minimum Temperature Change
E06000010,1981-2000,-6.0,-5.7,-5.2,Winter Minimum Temperature Change
E06000011,1981-2000,-7.1,-6.7,-6.4,Winter Minimum Temperature Change
E06000012,1981-2000,-6.4,-6.1,-5.6,Winter Minimum Temperature Change
E06000013,1981-2000,-7.1,-6.8,-6.3,Winter Minimum Temperature Change
E06000014,1981-2000,-7.3,-7.0,-6.6,Winter Minimum Temperature Change
E06000015,1981-2000,-7.7,-7.1,-6.4,Winter Minimum Temperature Change
E06000016,1981-2000,-8.4,-7.8,-7.2,Winter Minimum Temperature Change
E06000017,1981-2000,-8.5,-8.1,-7.4,Winter Minimum Temperature Change
E06000018,1981-2000,-6.9,-6.6,-5.9,Winter Minimum Temperature Change
E06000019,1981-2000,-8.2,-7.6,-7.1,Winter Minimum Temperature Change
E06000020,1981-2000,-8.9,-8.0,-7.7,Winter Minimum Temperature Change
E06000021,1981-2000,-7.2,-7.0,-6.6,Winter Minimum Temperature Change
E06000022,1981-2000,-7.5,-6.8,-6.5,Winter Minimum Temperature Change
E06000023,1981-2000,-6.4,-5.8,-5.5,Winter Minimum Temperature Change
E06000024,1981-2000,-6.6,-6.0,-5.7,Winter Minimum Temperature Change
E06000025,1981-2000,-7.6,-6.9,-6.7,Winter Minimum Temperature Change
E06000026,1981-2000,-4.8,-4.6,-4.2,Winter Minimum Temperature Change
E06000027,1981-2000,-4.1,-3.8,-3.3,Winter Minimum Temperature Change
E06000030,1981-2000,-7.7,-7.3,-6.9,Winter Minimum Temperature Change
E06000031,1981-2000,-8.4,-7.9,-7.4,Winter Minimum Temperature Change
E06000032,1981-2000,-7.7,-7.3,-6.8,Winter Minimum Temperature Change
E06000033,1981-2000,-5.7,-5.5,-5.1,Winter Minimum Temperature Change
E06000034,1981-2000,-6.5,-6.1,-5.7,Winter Minimum Temperature Change
E06000035,1981-2000,-6.0,-5.7,-5.3,Winter Minimum Temperature Change
E06000036,1981-2000,-8.2,-7.8,-7.4,Winter Minimum Temperature Change
E06000037,1981-2000,-8.2,-7.8,-7.3,Winter Minimum Temperature Change
E06000038,1981-2000,-7.3,-7.0,-6.4,Winter Minimum Temperature Change
E06000039,1981-2000,-7.4,-6.9,-6.5,Winter Minimum Temperature Change
E06000040,1981-2000,-7.9,-7.5,-7.1,Winter Minimum Temperature Change
E06000041,1981-2000,-8.1,-8.0,-7.4,Winter Minimum Temperature Change
E06000042,1981-2000,-8.4,-7.9,-7.4,Winter Minimum Temperature Change
E06000043,1981-2000,-6.1,-5.6,-5.2,Winter Minimum Temperature Change
E06000044,1981-2000,-5.3,-4.8,-4.5,Winter Minimum Temperature Change
E06000045,1981-2000,-6.0,-5.6,-5.2,Winter Minimum Temperature Change
E06000046,1981-2000,-5.1,-4.8,-4.4,Winter Minimum Temperature Change
E06000047,1981-2000,-8.6,-8.3,-7.9,Winter Minimum Temperature Change
E06000049,1981-2000,-7.5,-7.2,-6.6,Winter Minimum Temperature Change
E06000050,1981-2000,-7.4,-6.9,-6.3,Winter Minimum Temperature Change
E06000051,1981-2000,-8.6,-8.1,-7.5,Winter Minimum Temperature Change
E06000052,1981-2000,-5.3,-4.6,-4.2,Winter Minimum Temperature Change
E06000053,1981-2000,-0.4,0.1,0.7,Winter Minimum Temperature Change
E06000054,1981-2000,-8.1,-7.6,-7.3,Winter Minimum Temperature Change
E06000055,1981-2000,-8.5,-8.0,-7.3,Winter Minimum Temperature Change
E06000056,1981-2000,-8.4,-8.0,-7.4,Winter Minimum Temperature Change
E06000057,1981-2000,-8.7,-8.4,-8.1,Winter Minimum Temperature Change
E06000058,1981-2000,-6.5,-6.3,-5.8,Winter Minimum Temperature Change
E06000059,1981-2000,-7.3,-6.9,-6.5,Winter Minimum Temperature Change
E06000060,1981-2000,-8.4,-8.0,-7.6,Winter Minimum Temperature Change
E06000061,1981-2000,-8.6,-8.2,-7.6,Winter Minimum Temperature Change
E06000062,1981-2000,-8.8,-8.2,-7.8,Winter Minimum Temperature Change
E06000063,1981-2000,-8.2,-8.0,-7.6,Winter Minimum Temperature Change
E06000064,1981-2000,-8.7,-8.4,-8.0,Winter Minimum Temperature Change
E06000065,1981-2000,-8.1,-7.8,-7.4,Winter Minimum Temperature Change
E06000066,1981-2000,-6.8,-6.5,-6.2,Winter Minimum Temperature Change
E07000008,1981-2000,-8.0,-7.6,-7.1,Winter Minimum Temperature Change
E07000009,1981-2000,-7.9,-7.3,-7.0,Winter Minimum Temperature Change
E07000010,1981-2000,-7.8,-7.2,-6.8,Winter Minimum Temperature Change
E07000011,1981-2000,-8.2,-7.7,-7.3,Winter Minimum Temperature Change
E07000012,1981-2000,-8.2,-7.7,-7.2,Winter Minimum Temperature Change
E07000032,1981-2000,-8.0,-7.6,-7.0,Winter Minimum Temperature Change
E07000033,1981-2000,-7.9,-7.5,-6.8,Winter Minimum Temperature Change
E07000034,1981-2000,-7.7,-7.4,-6.8,Winter Minimum Temperature Change
E07000035,1981-2000,-8.3,-7.9,-7.5,Winter Minimum Temperature Change
E07000036,1981-2000,-7.8,-7.3,-6.6,Winter Minimum Temperature Change
E07000037,1981-2000,-8.5,-8.0,-7.7,Winter Minimum Temperature Change
E07000038,1981-2000,-7.8,-7.5,-7.1,Winter Minimum Temperature Change
E07000039,1981-2000,-8.0,-7.5,-6.9,Winter Minimum Temperature Change
E07000040,1981-2000,-6.4,-6.0,-5.6,Winter Minimum Temperature Change
E07000041,1981-2000,-6.4,-5.8,-5.3,Winter Minimum Temperature Change
E07000042,1981-2000,-6.6,-6.1,-5.5,Winter Minimum Temperature Change
E07000043,1981-2000,-6.3,-5.8,-5.5,Winter Minimum Temperature Change
E07000044,1981-2000,-5.2,-4.9,-4.5,Winter Minimum Temperature Change
E07000045,1981-2000,-5.8,-5.5,-4.9,Winter Minimum Temperature Change
E07000046,1981-2000,-6.1,-5.7,-5.2,Winter Minimum Temperature Change
E07000047,1981-2000,-6.7,-6.2,-5.7,Winter Minimum Temperature Change
E07000061,1981-2000,-5.7,-5.0,-4.6,Winter Minimum Temperature Change
E07000062,1981-2000,-5.7,-5.0,-4.6,Winter Minimum Temperature Change
E07000063,1981-2000,-7.0,-6.3,-5.9,Winter Minimum Temperature Change
E07000064,1981-2000,-6.8,-6.2,-5.9,Winter Minimum Temperature Change
E07000065,1981-2000,-7.4,-6.8,-6.5,Winter Minimum Temperature Change
E07000066,1981-2000,-6.9,-6.4,-5.9,Winter Minimum Temperature Change
E07000067,1981-2000,-7.4,-7.0,-6.7,Winter Minimum Temperature Change
E07000068,1981-2000,-7.6,-7.1,-6.8,Winter Minimum Temperature Change
E07000069,1981-2000,-6.2,-5.8,-5.3,Winter Minimum Temperature Change
E07000070,1981-2000,-7.8,-7.3,-6.9,Winter Minimum Temperature Change
E07000071,1981-2000,-6.9,-6.5,-6.2,Winter Minimum Temperature Change
E07000072,1981-2000,-7.7,-7.1,-6.8,Winter Minimum Temperature Change
E07000073,1981-2000,-7.8,-7.2,-6.7,Winter Minimum Temperature Change
E07000074,1981-2000,-6.6,-6.2,-5.9,Winter Minimum Temperature Change
E07000075,1981-2000,-6.6,-6.2,-5.8,Winter Minimum Temperature Change
E07000076,1981-2000,-6.3,-6.0,-5.7,Winter Minimum Temperature Change
E07000077,1981-2000,-8.0,-7.5,-7.3,Winter Minimum Temperature Change
E07000078,1981-2000,-7.8,-7.4,-6.8,Winter Minimum Temperature Change
E07000079,1981-2000,-8.3,-8.0,-7.4,Winter Minimum Temperature Change
E07000080,1981-2000,-7.8,-7.3,-6.8,Winter Minimum Temperature Change
E07000081,1981-2000,-7.1,-6.9,-6.2,Winter Minimum Temperature Change
E07000082,1981-2000,-7.9,-7.4,-6.9,Winter Minimum Temperature Change
E07000083,1981-2000,-8.0,-7.7,-7.1,Winter Minimum Temperature Change
E07000084,1981-2000,-8.0,-7.6,-7.2,Winter Minimum Temperature Change
E07000085,1981-2000,-7.9,-7.5,-7.2,Winter Minimum Temperature Change
E07000086,1981-2000,-6.6,-6.2,-5.8,Winter Minimum Temperature Change
E07000087,1981-2000,-5.8,-5.5,-5.1,Winter Minimum Temperature Change
E07000088,1981-2000,-4.6,-4.2,-3.8,Winter Minimum Temperature Change
E07000089,1981-2000,-8.2,-7.9,-7.3,Winter Minimum Temperature Change
E07000090,1981-2000,-6.2,-5.9,-5.5,Winter Minimum Temperature Change
E07000091,1981-2000,-7.2,-6.9,-6.4,Winter Minimum Temperature Change
E07000092,1981-2000,-8.7,-8.2,-7.8,Winter Minimum Temperature Change
E07000093,1981-2000,-7.7,-7.2,-6.7,Winter Minimum Temperature Change
E07000094,1981-2000,-7.6,-7.1,-6.8,Winter Minimum Temperature Change
E07000095,1981-2000,-7.6,-7.2,-6.7,Winter Minimum Temperature Change
E07000096,1981-2000,-8.1,-7.5,-7.3,Winter Minimum Temperature Change
E07000098,1981-2000,-7.8,-7.3,-6.7,Winter Minimum Temperature Change
E07000099,1981-2000,-8.1,-7.6,-7.3,Winter Minimum Temperature Change
E07000102,1981-2000,-7.6,-7.1,-6.7,Winter Minimum Temperature Change
E07000103,1981-2000,-7.6,-7.1,-6.5,Winter Minimum Temperature Change
E07000105,1981-2000,-7.1,-6.7,-6.2,Winter Minimum Temperature Change
E07000106,1981-2000,-6.5,-6.1,-5.7,Winter Minimum Temperature Change
E07000107,1981-2000,-6.7,-6.2,-5.8,Winter Minimum Temperature Change
E07000108,1981-2000,-6.4,-5.9,-5.4,Winter Minimum Temperature Change
E07000109,1981-2000,-6.7,-6.3,-6.0,Winter Minimum Temperature Change
E07000110,1981-2000,-7.3,-6.8,-6.4,Winter Minimum Temperature Change
E07000111,1981-2000,-8.0,-7.5,-7.1,Winter Minimum Temperature Change
E07000112,1981-2000,-6.8,-6.3,-5.7,Winter Minimum Temperature Change
E07000113,1981-2000,-6.2,-5.8,-5.5,Winter Minimum Temperature Change
E07000114,1981-2000,-5.5,-4.8,-4.3,Winter Minimum Temperature Change
E07000115,1981-2000,-7.6,-7.0,-6.5,Winter Minimum Temperature Change
E07000116,1981-2000,-7.7,-7.1,-6.8,Winter Minimum Temperature Change
E07000117,1981-2000,-7.6,-7.0,-6.7,Winter Minimum Temperature Change
E07000118,1981-2000,-7.0,-6.8,-6.0,Winter Minimum Temperature Change
E07000119,1981-2000,-7.5,-7.2,-6.5,Winter Minimum Temperature Change
E07000120,1981-2000,-6.9,-6.5,-6.1,Winter Minimum Temperature Change
E07000121,1981-2000,-6.8,-6.6,-6.0,Winter Minimum Temperature Change
E07000122,1981-2000,-7.7,-7.2,-6.7,Winter Minimum Temperature Change
E07000123,1981-2000,-7.2,-6.9,-6.1,Winter Minimum Temperature Change
E07000124,1981-2000,-7.5,-7.3,-6.7,Winter Minimum Temperature Change
E07000125,1981-2000,-7.8,-7.1,-6.8,Winter Minimum Temperature Change
E07000126,1981-2000,-6.8,-6.5,-5.7,Winter Minimum Temperature Change
E07000127,1981-2000,-6.5,-6.3,-5.7,Winter Minimum Temperature Change
E07000128,1981-2000,-7.0,-6.7,-6.1,Winter Minimum Temperature Change
E07000129,1981-2000,-8.5,-8.1,-7.4,Winter Minimum Temperature Change
E07000130,1981-2000,-8.5,-8.1,-7.4,Winter Minimum Temperature Change
E07000131,1981-2000,-9.1,-8.6,-8.0,Winter Minimum Temperature Change
E07000132,1981-2000,-8.6,-8.1,-7.3,Winter Minimum Temperature Change
E07000133,1981-2000,-8.6,-8.2,-7.6,Winter Minimum Temperature Change
E07000134,1981-2000,-8.2,-7.7,-7.2,Winter Minimum Temperature Change
E07000135,1981-2000,-9.0,-8.6,-7.9,Winter Minimum Temperature Change
E07000136,1981-2000,-7.4,-7.0,-6.5,Winter Minimum Temperature Change
E07000137,1981-2000,-7.1,-6.8,-6.3,Winter Minimum Temperature Change
E07000138,1981-2000,-7.7,-7.3,-6.6,Winter Minimum Temperature Change
E07000139,1981-2000,-7.6,-7.2,-6.5,Winter Minimum Temperature Change
E07000140,1981-2000,-7.6,-7.1,-6.6,Winter Minimum Temperature Change
E07000141,1981-2000,-8.1,-7.7,-7.0,Winter Minimum Temperature Change
E07000142,1981-2000,-7.5,-7.1,-6.6,Winter Minimum Temperature Change
E07000143,1981-2000,-7.8,-7.3,-6.9,Winter Minimum Temperature Change
E07000144,1981-2000,-6.8,-6.5,-6.3,Winter Minimum Temperature Change
E07000145,1981-2000,-5.9,-5.5,-5.1,Winter Minimum Temperature Change
E07000146,1981-2000,-7.4,-6.9,-6.5,Winter Minimum Temperature Change
E07000147,1981-2000,-6.2,-6.0,-5.6,Winter Minimum Temperature Change
E07000148,1981-2000,-6.5,-6.2,-5.9,Winter Minimum Temperature Change
E07000149,1981-2000,-7.1,-6.8,-6.5,Winter Minimum Temperature Change
E07000170,1981-2000,-7.5,-7.2,-6.6,Winter Minimum Temperature Change
E07000171,1981-2000,-8.0,-7.6,-7.0,Winter Minimum Temperature Change
E07000172,1981-2000,-7.5,-7.2,-6.3,Winter Minimum Temperature Change
E07000173,1981-2000,-7.4,-7.2,-6.5,Winter Minimum Temperature Change
E07000174,1981-2000,-7.7,-7.2,-6.6,Winter Minimum Temperature Change
E07000175,1981-2000,-7.6,-7.3,-6.6,Winter Minimum Temperature Change
E07000176,1981-2000,-7.9,-7.5,-6.6,Winter Minimum Temperature Change
E07000177,1981-2000,-8.9,-8.4,-8.0,Winter Minimum Temperature Change
E07000178,1981-2000,-7.5,-7.1,-6.4,Winter Minimum Temperature Change
E07000179,1981-2000,-8.4,-8.1,-7.6,Winter Minimum Temperature Change
E07000180,1981-2000,-8.0,-7.8,-7.1,Winter Minimum Temperature Change
E07000181,1981-2000,-8.4,-8.0,-7.5,Winter Minimum Temperature Change
E07000192,1981-2000,-8.2,-7.5,-7.1,Winter Minimum Temperature Change
E07000193,1981-2000,-7.9,-7.6,-7.1,Winter Minimum Temperature Change
E07000194,1981-2000,-8.3,-7.6,-7.1,Winter Minimum Temperature Change
E07000195,1981-2000,-7.4,-7.0,-6.5,Winter Minimum Temperature Change
E07000196,1981-2000,-8.3,-7.7,-7.2,Winter Minimum Temperature Change
E07000197,1981-2000,-8.2,-7.6,-7.3,Winter Minimum Temperature Change
E07000198,1981-2000,-8.4,-8.0,-7.7,Winter Minimum Temperature Change
E07000199,1981-2000,-8.1,-7.4,-6.8,Winter Minimum Temperature Change
E07000200,1981-2000,-7.4,-6.8,-6.6,Winter Minimum Temperature Change
E07000202,1981-2000,-6.2,-5.9,-5.6,Winter Minimum Temperature Change
E07000203,1981-2000,-7.1,-6.7,-6.5,Winter Minimum Temperature Change
E07000207,1981-2000,-7.1,-6.7,-6.2,Winter Minimum Temperature Change
E07000208,1981-2000,-7.1,-6.8,-6.3,Winter Minimum Temperature Change
E07000209,1981-2000,-8.1,-7.7,-7.3,Winter Minimum Temperature Change
E07000210,1981-2000,-8.6,-8.2,-7.8,Winter Minimum Temperature Change
E07000211,1981-2000,-7.9,-7.5,-7.0,Winter Minimum Temperature Change
E07000212,1981-2000,-7.3,-6.9,-6.4,Winter Minimum Temperature Change
E07000213,1981-2000,-6.7,-6.3,-5.7,Winter Minimum Temperature Change
E07000214,1981-2000,-8.1,-7.7,-7.3,Winter Minimum Temperature Change
E07000215,1981-2000,-7.7,-7.3,-6.7,Winter Minimum Temperature Change
E07000216,1981-2000,-8.2,-7.7,-7.4,Winter Minimum Temperature Change
E07000217,1981-2000,-7.7,-7.3,-6.9,Winter Minimum Temperature Change
E07000218,1981-2000,-8.6,-7.8,-7.3,Winter Minimum Temperature Change
E07000219,1981-2000,-8.3,-7.6,-7.0,Winter Minimum Temperature Change
E07000220,1981-2000,-8.5,-7.8,-7.4,Winter Minimum Temperature Change
E07000221,1981-2000,-8.5,-8.0,-7.6,Winter Minimum Temperature Change
E07000222,1981-2000,-8.8,-8.1,-7.6,Winter Minimum Temperature Change
E07000223,1981-2000,-6.2,-5.6,-5.2,Winter Minimum Temperature Change
E07000224,1981-2000,-6.9,-6.5,-6.0,Winter Minimum Temperature Change
E07000225,1981-2000,-7.5,-7.1,-6.6,Winter Minimum Temperature Change
E07000226,1981-2000,-8.1,-7.7,-7.0,Winter Minimum Temperature Change
E07000227,1981-2000,-7.5,-7.1,-6.6,Winter Minimum Temperature Change
E07000228,1981-2000,-7.5,-7.0,-6.5,Winter Minimum Temperature Change
E07000229,1981-2000,-6.2,-5.7,-5.2,Winter Minimum Temperature Change
E07000234,1981-2000,-8.4,-7.9,-7.4,Winter Minimum Temperature Change
E07000235,1981-2000,-8.1,-7.6,-7.0,Winter Minimum Temperature Change
E07000236,1981-2000,-7.9,-7.6,-7.1,Winter Minimum Temperature Change
E07000237,1981-2000,-8.3,-7.8,-7.3,Winter Minimum Temperature Change
E07000238,1981-2000,-8.1,-7.6,-7.1,Winter Minimum Temperature Change
E07000239,1981-2000,-8.1,-7.8,-7.2,Winter Minimum Temperature Change
E07000240,1981-2000,-7.8,-7.2,-6.8,Winter Minimum Temperature Change
E07000241,1981-2000,-7.8,-7.2,-6.8,Winter Minimum Temperature Change
E07000242,1981-2000,-8.1,-7.7,-7.2,Winter Minimum Temperature Change
E07000243,1981-2000,-7.9,-7.4,-7.0,Winter Minimum Temperature Change
E07000244,1981-2000,-6.2,-5.9,-5.7,Winter Minimum Temperature Change
E07000245,1981-2000,-7.8,-7.2,-7.0,Winter Minimum Temperature Change
E08000001,1981-2000,-7.0,-6.6,-6.1,Winter Minimum Temperature Change
E08000002,1981-2000,-6.7,-6.4,-5.8,Winter Minimum Temperature Change
E08000003,1981-2000,-5.5,-5.2,-4.5,Winter Minimum Temperature Change
E08000004,1981-2000,-7.5,-6.9,-6.5,Winter Minimum Temperature Change
E08000005,1981-2000,-7.5,-6.9,-6.5,Winter Minimum Temperature Change
E08000006,1981-2000,-5.8,-5.5,-4.7,Winter Minimum Temperature Change
E08000007,1981-2000,-6.5,-6.1,-5.5,Winter Minimum Temperature Change
E08000008,1981-2000,-6.7,-6.2,-5.7,Winter Minimum Temperature Change
E08000009,1981-2000,-6.0,-5.8,-4.9,Winter Minimum Temperature Change
E08000010,1981-2000,-6.6,-6.3,-5.6,Winter Minimum Temperature Change
E08000011,1981-2000,-6.2,-5.9,-5.3,Winter Minimum Temperature Change
E08000012,1981-2000,-5.5,-5.1,-4.7,Winter Minimum Temperature Change
E08000013,1981-2000,-6.6,-6.2,-5.5,Winter Minimum Temperature Change
E08000014,1981-2000,-5.8,-5.5,-5.1,Winter Minimum Temperature Change
E08000015,1981-2000,-5.3,-4.9,-4.5,Winter Minimum Temperature Change
E08000016,1981-2000,-7.1,-6.7,-6.3,Winter Minimum Temperature Change
E08000017,1981-2000,-7.3,-7.1,-6.5,Winter Minimum Temperature Change
E08000018,1981-2000,-7.4,-6.9,-6.4,Winter Minimum Temperature Change
E08000019,1981-2000,-7.1,-6.9,-6.5,Winter Minimum Temperature Change
E08000021,1981-2000,-7.0,-6.7,-6.2,Winter Minimum Temperature Change
E08000022,1981-2000,-6.3,-6.1,-5.7,Winter Minimum Temperature Change
E08000023,1981-2000,-5.9,-5.7,-5.3,Winter Minimum Temperature Change
E08000024,1981-2000,-6.4,-6.2,-5.7,Winter Minimum Temperature Change
E08000025,1981-2000,-7.7,-7.3,-6.8,Winter Minimum Temperature Change
E08000026,1981-2000,-7.9,-7.4,-6.8,Winter Minimum Temperature Change
E08000027,1981-2000,-7.8,-7.2,-6.9,Winter Minimum Temperature Change
E08000028,1981-2000,-7.5,-6.9,-6.5,Winter Minimum Temperature Change
E08000029,1981-2000,-8.9,-8.3,-7.7,Winter Minimum Temperature Change
E08000030,1981-2000,-8.0,-7.3,-6.8,Winter Minimum Temperature Change
E08000031,1981-2000,-7.7,-7.1,-6.6,Winter Minimum Temperature Change
E08000032,1981-2000,-7.4,-7.2,-6.8,Winter Minimum Temperature Change
E08000033,1981-2000,-7.7,-7.4,-7.1,Winter Minimum Temperature Change
E08000034,1981-2000,-6.9,-6.6,-6.2,Winter Minimum Temperature Change
E08000035,1981-2000,-7.2,-6.8,-6.3,Winter Minimum Temperature Change
E08000036,1981-2000,-6.6,-6.3,-5.8,Winter Minimum Temperature Change
E08000037,1981-2000,-7.1,-6.7,-6.2,Winter Minimum Temperature Change
E09000001,1981-2000,-5.2,-4.7,-4.4,Winter Minimum Temperature Change
E09000002,1981-2000,-6.2,-5.6,-5.2,Winter Minimum Temperature Change
E09000003,1981-2000,-6.8,-6.3,-5.8,Winter Minimum Temperature Change
E09000004,1981-2000,-6.4,-5.9,-5.6,Winter Minimum Temperature Change
E09000005,1981-2000,-6.3,-5.8,-5.2,Winter Minimum Temperature Change
E09000006,1981-2000,-6.9,-6.6,-6.2,Winter Minimum Temperature Change
E09000007,1981-2000,-5.6,-5.1,-4.7,Winter Minimum Temperature Change
E09000008,1981-2000,-6.7,-6.4,-5.9,Winter Minimum Temperature Change
E09000009,1981-2000,-6.7,-6.1,-5.6,Winter Minimum Temperature Change
E09000010,1981-2000,-6.6,-6.2,-5.8,Winter Minimum Temperature Change
E09000011,1981-2000,-6.1,-5.4,-5.2,Winter Minimum Temperature Change
E09000012,1981-2000,-5.6,-5.1,-4.7,Winter Minimum Temperature Change
E09000013,1981-2000,-5.6,-5.2,-4.8,Winter Minimum Temperature Change
E09000014,1981-2000,-5.9,-5.5,-5.0,Winter Minimum Temperature Change
E09000015,1981-2000,-7.2,-6.7,-6.3,Winter Minimum Temperature Change
E09000016,1981-2000,-6.8,-6.3,-5.9,Winter Minimum Temperature Change
E09000017,1981-2000,-7.3,-6.7,-6.3,Winter Minimum Temperature Change
E09000018,1981-2000,-6.4,-5.9,-5.5,Winter Minimum Temperature Change
E09000019,1981-2000,-5.4,-5.0,-4.6,Winter Minimum Temperature Change
E09000020,1981-2000,-5.3,-4.9,-4.5,Winter Minimum Temperature Change
E09000021,1981-2000,-6.7,-6.3,-5.7,Winter Minimum Temperature Change
E09000022,1981-2000,-5.6,-5.1,-4.8,Winter Minimum Temperature Change
E09000023,1981-2000,-6.1,-5.5,-5.2,Winter Minimum Temperature Change
E09000024,1981-2000,-6.3,-5.9,-5.3,Winter Minimum Temperature Change
E09000025,1981-2000,-5.8,-5.3,-4.9,Winter Minimum Temperature Change
E09000026,1981-2000,-6.6,-6.0,-5.5,Winter Minimum Temperature Change
E09000027,1981-2000,-6.4,-6.0,-5.5,Winter Minimum Temperature Change
E09000028,1981-2000,-5.6,-5.0,-4.7,Winter Minimum Temperature Change
E09000029,1981-2000,-6.7,-6.3,-5.8,Winter Minimum Temperature Change
E09000030,1981-2000,-5.6,-5.1,-4.7,Winter Minimum Temperature Change
E09000031,1981-2000,-6.2,-5.7,-5.3,Winter Minimum Temperature Change
E09000032,1981-2000,-5.9,-5.4,-5.0,Winter Minimum Temperature Change
E09000033,1981-2000,-5.3,-4.7,-4.4,Winter Minimum Temperature Change
N09000001,1981-2000,-5.6,-5.3,-4.9,Winter Minimum Temperature Change
N09000002,1981-2000,-6.6,-6.3,-6.0,Winter Minimum Temperature Change
N09000003,1981-2000,-5.1,-4.8,-4.6,Winter Minimum Temperature Change
N09000004,1981-2000,-6.0,-5.4,-5.1,Winter Minimum Temperature Change
N09000005,1981-2000,-6.6,-6.3,-6.1,Winter Minimum Temperature Change
N09000006,1981-2000,-7.1,-6.8,-6.4,Winter Minimum Temperature Change
N09000007,1981-2000,-6.2,-5.8,-5.5,Winter Minimum Temperature Change
N09000008,1981-2000,-5.7,-5.4,-5.1,Winter Minimum Temperature Change
N09000009,1981-2000,-6.5,-6.2,-6.0,Winter Minimum Temperature Change
N09000010,1981-2000,-5.4,-5.3,-5.1,Winter Minimum Temperature Change
N09000011,1981-2000,-3.6,-3.5,-3.3,Winter Minimum Temperature Change
S12000005,1981-2000,-9.8,-9.3,-8.8,Winter Minimum Temperature Change
S12000006,1981-2000,-8.8,-8.4,-8.1,Winter Minimum Temperature Change
S12000008,1981-2000,-9.5,-8.9,-8.5,Winter Minimum Temperature Change
S12000010,1981-2000,-7.4,-6.8,-6.5,Winter Minimum Temperature Change
S12000011,1981-2000,-9.4,-8.7,-8.1,Winter Minimum Temperature Change
S12000013,1981-2000,-5.3,-4.9,-4.6,Winter Minimum Temperature Change
S12000014,1981-2000,-8.7,-8.2,-7.4,Winter Minimum Temperature Change
S12000017,1981-2000,-10.0,-9.6,-9.5,Winter Minimum Temperature Change
S12000018,1981-2000,-7.0,-6.4,-6.1,Winter Minimum Temperature Change
S12000019,1981-2000,-9.6,-8.8,-8.3,Winter Minimum Temperature Change
S12000020,1981-2000,-11.0,-10.6,-10.2,Winter Minimum Temperature Change
S12000021,1981-2000,-6.5,-6.1,-5.7,Winter Minimum Temperature Change
S12000023,1981-2000,-4.7,-4.3,-4.1,Winter Minimum Temperature Change
S12000026,1981-2000,-10.2,-9.5,-9.3,Winter Minimum Temperature Change
S12000027,1981-2000,-5.2,-4.9,-4.6,Winter Minimum Temperature Change
S12000028,1981-2000,-7.6,-7.3,-6.7,Winter Minimum Temperature Change
S12000029,1981-2000,-10.7,-9.9,-9.6,Winter Minimum Temperature Change
S12000030,1981-2000,-10.0,-9.4,-9.0,Winter Minimum Temperature Change
S12000033,1981-2000,-8.4,-7.8,-7.6,Winter Minimum Temperature Change
S12000034,1981-2000,-10.4,-10.2,-9.8,Winter Minimum Temperature Change
S12000035,1981-2000,-7.1,-6.7,-6.4,Winter Minimum Temperature Change
S12000036,1981-2000,-8.7,-8.0,-7.6,Winter Minimum Temperature Change
S12000038,1981-2000,-8.8,-8.3,-7.7,Winter Minimum Temperature Change
S12000039,1981-2000,-7.7,-7.3,-6.8,Winter Minimum Temperature Change
S12000040,1981-2000,-9.9,-9.2,-8.6,Winter Minimum Temperature Change
S12000041,1981-2000,-10.0,-9.5,-9.3,Winter Minimum Temperature Change
S12000042,1981-2000,-7.2,-6.8,-6.2,Winter Minimum Temperature Change
S12000045,1981-2000,-9.0,-8.5,-7.9,Winter Minimum Temperature Change
S12000047,1981-2000,-8.1,-7.4,-7.0,Winter Minimum Temperature Change
S12000048,1981-2000,-11.3,-10.7,-10.3,Winter Minimum Temperature Change
S12000049,1981-2000,-7.9,-7.5,-6.8,Winter Minimum Temperature Change
S12000050,1981-2000,-9.4,-8.9,-8.2,Winter Minimum Temperature Change
W06000001,1981-2000,-4.4,-4.0,-3.8,Winter Minimum Temperature Change
W06000002,1981-2000,-6.6,-6.2,-5.9,Winter Minimum Temperature Change
W06000003,1981-2000,-7.7,-7.4,-7.0,Winter Minimum Temperature Change
W06000004,1981-2000,-8.3,-7.9,-7.5,Winter Minimum Temperature Change
W06000005,1981-2000,-7.8,-7.2,-6.7,Winter Minimum Temperature Change
W06000006,1981-2000,-8.1,-7.7,-7.2,Winter Minimum Temperature Change
W06000008,1981-2000,-7.7,-7.1,-6.8,Winter Minimum Temperature Change
W06000009,1981-2000,-6.0,-5.6,-5.3,Winter Minimum Temperature Change
W06000010,1981-2000,-7.5,-6.9,-6.5,Winter Minimum Temperature Change
W06000011,1981-2000,-5.5,-5.2,-5.0,Winter Minimum Temperature Change
W06000012,1981-2000,-7.0,-6.5,-6.0,Winter Minimum Temperature Change
W06000013,1981-2000,-7.1,-6.5,-6.2,Winter Minimum Temperature Change
W06000014,1981-2000,-6.5,-6.1,-5.7,Winter Minimum Temperature Change
W06000015,1981-2000,-6.9,-6.3,-5.9,Winter Minimum Temperature Change
W06000016,1981-2000,-7.5,-7.2,-6.8,Winter Minimum Temperature Change
W06000018,1981-2000,-7.7,-7.3,-6.9,Winter Minimum Temperature Change
W06000019,1981-2000,-8.5,-7.9,-7.5,Winter Minimum Temperature Change
W06000020,1981-2000,-7.9,-7.5,-7.0,Winter Minimum Temperature Change
W06000021,1981-2000,-7.5,-7.1,-6.6,Winter Minimum Temperature Change
W06000022,1981-2000,-6.3,-6.0,-5.5,Winter Minimum Temperature Change
W06000023,1981-2000,-8.8,-8.2,-7.9,Winter Minimum Temperature Change
W06000024,1981-2000,-7.9,-7.5,-7.0,Winter Minimum Temperature Change
E12000007,1981-2000,-6.5,-6.0,-5.5,Winter Minimum Temperature Change
E47000001,2001-2020,-6.2,-5.1,-3.8,Winter Minimum Temperature Change
E47000002,2001-2020,-6.8,-5.9,-4.4,Winter Minimum Temperature Change
E47000003,2001-2020,-6.7,-5.8,-4.2,Winter Minimum Temperature Change
E47000004,2001-2020,-5.4,-4.6,-3.3,Winter Minimum Temperature Change
E47000006,2001-2020,-6.8,-5.9,-4.7,Winter Minimum Temperature Change
E47000007,2001-2020,-7.1,-6.5,-4.6,Winter Minimum Temperature Change
E47000008,2001-2020,-7.2,-6.2,-5.1,Winter Minimum Temperature Change
E47000009,2001-2020,-6.2,-5.7,-4.1,Winter Minimum Temperature Change
E47000010,2001-2020,-8.2,-6.7,-5.3,Winter Minimum Temperature Change
E47000011,2001-2020,-8.4,-6.8,-5.7,Winter Minimum Temperature Change
E10000003,2001-2020,-7.2,-6.2,-5.0,Winter Minimum Temperature Change
E10000007,2001-2020,-7.8,-6.7,-4.9,Winter Minimum Temperature Change
E10000008,2001-2020,-5.4,-4.8,-3.7,Winter Minimum Temperature Change
E10000011,2001-2020,-6.7,-5.3,-4.4,Winter Minimum Temperature Change
E10000012,2001-2020,-6.5,-5.6,-4.5,Winter Minimum Temperature Change
E10000013,2001-2020,-7.0,-6.6,-4.8,Winter Minimum Temperature Change
E10000014,2001-2020,-7.0,-6.4,-5.1,Winter Minimum Temperature Change
E10000015,2001-2020,-6.8,-6.2,-4.6,Winter Minimum Temperature Change
E10000016,2001-2020,-6.6,-5.1,-4.4,Winter Minimum Temperature Change
E10000017,2001-2020,-7.0,-5.7,-4.2,Winter Minimum Temperature Change
E10000018,2001-2020,-7.6,-7.1,-5.3,Winter Minimum Temperature Change
E10000019,2001-2020,-7.0,-5.9,-4.5,Winter Minimum Temperature Change
E10000020,2001-2020,-6.8,-5.3,-4.4,Winter Minimum Temperature Change
E10000024,2001-2020,-7.3,-6.4,-4.9,Winter Minimum Temperature Change
E10000025,2001-2020,-7.4,-6.9,-5.1,Winter Minimum Temperature Change
E10000028,2001-2020,-7.4,-6.7,-4.9,Winter Minimum Temperature Change
E10000029,2001-2020,-6.5,-5.3,-4.2,Winter Minimum Temperature Change
E10000030,2001-2020,-7.3,-6.4,-5.4,Winter Minimum Temperature Change
E10000031,2001-2020,-7.8,-6.9,-5.2,Winter Minimum Temperature Change
E10000032,2001-2020,-7.1,-5.8,-4.9,Winter Minimum Temperature Change
E10000034,2001-2020,-7.4,-6.6,-5.1,Winter Minimum Temperature Change
E06000001,2001-2020,-5.9,-5.0,-3.7,Winter Minimum Temperature Change
E06000002,2001-2020,-6.6,-5.8,-4.4,Winter Minimum Temperature Change
E06000003,2001-2020,-6.0,-5.3,-3.7,Winter Minimum Temperature Change
E06000004,2001-2020,-7.2,-6.2,-5.4,Winter Minimum Temperature Change
E06000005,2001-2020,-7.8,-6.4,-5.4,Winter Minimum Temperature Change
E06000006,2001-2020,-6.0,-5.1,-3.4,Winter Minimum Temperature Change
E06000007,2001-2020,-6.3,-5.4,-3.8,Winter Minimum Temperature Change
E06000008,2001-2020,-7.0,-5.5,-3.9,Winter Minimum Temperature Change
E06000009,2001-2020,-6.7,-5.7,-3.8,Winter Minimum Temperature Change
E06000010,2001-2020,-5.4,-4.5,-3.3,Winter Minimum Temperature Change
E06000011,2001-2020,-6.4,-5.5,-4.2,Winter Minimum Temperature Change
E06000012,2001-2020,-5.9,-4.7,-3.6,Winter Minimum Temperature Change
E06000013,2001-2020,-6.5,-5.6,-4.4,Winter Minimum Temperature Change
E06000014,2001-2020,-6.8,-5.6,-4.5,Winter Minimum Temperature Change
E06000015,2001-2020,-7.2,-6.2,-4.4,Winter Minimum Temperature Change
E06000016,2001-2020,-7.3,-6.9,-4.8,Winter Minimum Temperature Change
E06000017,2001-2020,-7.5,-6.8,-5.3,Winter Minimum Temperature Change
E06000018,2001-2020,-6.4,-5.7,-4.1,Winter Minimum Temperature Change
E06000019,2001-2020,-7.3,-6.5,-4.9,Winter Minimum Temperature Change
E06000020,2001-2020,-7.8,-7.0,-5.1,Winter Minimum Temperature Change
E06000021,2001-2020,-6.6,-5.9,-4.3,Winter Minimum Temperature Change
E06000022,2001-2020,-6.5,-5.8,-4.1,Winter Minimum Temperature Change
E06000023,2001-2020,-5.5,-4.9,-3.7,Winter Minimum Temperature Change
E06000024,2001-2020,-5.6,-5.1,-3.8,Winter Minimum Temperature Change
E06000025,2001-2020,-6.4,-5.9,-4.2,Winter Minimum Temperature Change
E06000026,2001-2020,-4.4,-3.8,-2.7,Winter Minimum Temperature Change
E06000027,2001-2020,-3.5,-3.0,-2.1,Winter Minimum Temperature Change
E06000030,2001-2020,-6.8,-6.4,-4.8,Winter Minimum Temperature Change
E06000031,2001-2020,-7.6,-6.7,-5.2,Winter Minimum Temperature Change
E06000032,2001-2020,-6.8,-6.0,-4.3,Winter Minimum Temperature Change
E06000033,2001-2020,-5.5,-4.1,-3.5,Winter Minimum Temperature Change
E06000034,2001-2020,-5.6,-4.8,-3.9,Winter Minimum Temperature Change
E06000035,2001-2020,-5.6,-4.2,-3.7,Winter Minimum Temperature Change
E06000036,2001-2020,-7.5,-6.7,-5.9,Winter Minimum Temperature Change
E06000037,2001-2020,-7.6,-6.7,-5.7,Winter Minimum Temperature Change
E06000038,2001-2020,-6.4,-5.7,-4.6,Winter Minimum Temperature Change
E06000039,2001-2020,-6.3,-5.7,-4.7,Winter Minimum Temperature Change
E06000040,2001-2020,-7.0,-6.3,-5.5,Winter Minimum Temperature Change
E06000041,2001-2020,-7.5,-6.8,-5.6,Winter Minimum Temperature Change
E06000042,2001-2020,-7.8,-6.7,-4.7,Winter Minimum Temperature Change
E06000043,2001-2020,-5.6,-4.6,-3.5,Winter Minimum Temperature Change
E06000044,2001-2020,-4.7,-4.0,-3.2,Winter Minimum Temperature Change
E06000045,2001-2020,-5.4,-4.8,-3.8,Winter Minimum Temperature Change
E06000046,2001-2020,-4.8,-3.9,-2.9,Winter Minimum Temperature Change
E06000047,2001-2020,-8.6,-7.0,-5.5,Winter Minimum Temperature Change
E06000049,2001-2020,-6.8,-6.3,-4.3,Winter Minimum Temperature Change
E06000050,2001-2020,-6.6,-5.9,-4.0,Winter Minimum Temperature Change
E06000051,2001-2020,-7.4,-6.9,-4.8,Winter Minimum Temperature Change
E06000052,2001-2020,-4.5,-3.8,-2.6,Winter Minimum Temperature Change
E06000053,2001-2020,-0.2,0.6,1.4,Winter Minimum Temperature Change
E06000054,2001-2020,-7.1,-6.7,-5.2,Winter Minimum Temperature Change
E06000055,2001-2020,-7.7,-6.8,-5.2,Winter Minimum Temperature Change
E06000056,2001-2020,-7.5,-6.9,-5.0,Winter Minimum Temperature Change
E06000057,2001-2020,-8.5,-6.8,-5.8,Winter Minimum Temperature Change
E06000058,2001-2020,-6.2,-5.4,-4.7,Winter Minimum Temperature Change
E06000059,2001-2020,-6.5,-5.9,-4.8,Winter Minimum Temperature Change
E06000060,2001-2020,-7.4,-6.7,-4.9,Winter Minimum Temperature Change
E06000061,2001-2020,-7.6,-6.8,-5.2,Winter Minimum Temperature Change
E06000062,2001-2020,-8.0,-7.0,-5.0,Winter Minimum Temperature Change
E06000063,2001-2020,-7.9,-6.8,-5.4,Winter Minimum Temperature Change
E06000064,2001-2020,-8.4,-7.1,-5.5,Winter Minimum Temperature Change
E06000065,2001-2020,-7.5,-6.4,-4.9,Winter Minimum Temperature Change
E06000066,2001-2020,-6.2,-5.6,-4.3,Winter Minimum Temperature Change
E07000008,2001-2020,-7.3,-6.3,-5.1,Winter Minimum Temperature Change
E07000009,2001-2020,-7.2,-6.0,-4.9,Winter Minimum Temperature Change
E07000010,2001-2020,-7.0,-6.1,-4.9,Winter Minimum Temperature Change
E07000011,2001-2020,-7.5,-6.5,-5.2,Winter Minimum Temperature Change
E07000012,2001-2020,-7.3,-6.3,-5.1,Winter Minimum Temperature Change
E07000032,2001-2020,-7.9,-6.7,-5.3,Winter Minimum Temperature Change
E07000033,2001-2020,-7.5,-6.4,-4.8,Winter Minimum Temperature Change
E07000034,2001-2020,-7.5,-6.3,-4.5,Winter Minimum Temperature Change
E07000035,2001-2020,-7.7,-6.8,-5.2,Winter Minimum Temperature Change
E07000036,2001-2020,-7.3,-6.5,-4.8,Winter Minimum Temperature Change
E07000037,2001-2020,-8.0,-6.7,-4.8,Winter Minimum Temperature Change
E07000038,2001-2020,-7.5,-6.4,-4.8,Winter Minimum Temperature Change
E07000039,2001-2020,-7.4,-6.6,-4.7,Winter Minimum Temperature Change
E07000040,2001-2020,-5.6,-4.9,-3.9,Winter Minimum Temperature Change
E07000041,2001-2020,-5.5,-4.9,-4.3,Winter Minimum Temperature Change
E07000042,2001-2020,-5.8,-5.1,-3.6,Winter Minimum Temperature Change
E07000043,2001-2020,-5.6,-4.8,-3.5,Winter Minimum Temperature Change
E07000044,2001-2020,-4.6,-4.1,-3.3,Winter Minimum Temperature Change
E07000045,2001-2020,-5.0,-4.4,-3.6,Winter Minimum Temperature Change
E07000046,2001-2020,-5.4,-4.7,-4.0,Winter Minimum Temperature Change
E07000047,2001-2020,-6.2,-5.1,-3.8,Winter Minimum Temperature Change
E07000061,2001-2020,-4.9,-3.9,-3.0,Winter Minimum Temperature Change
E07000062,2001-2020,-5.2,-3.9,-2.9,Winter Minimum Temperature Change
E07000063,2001-2020,-6.6,-5.2,-4.4,Winter Minimum Temperature Change
E07000064,2001-2020,-6.3,-5.0,-4.1,Winter Minimum Temperature Change
E07000065,2001-2020,-7.1,-5.6,-4.7,Winter Minimum Temperature Change
E07000066,2001-2020,-6.0,-5.2,-4.1,Winter Minimum Temperature Change
E07000067,2001-2020,-6.7,-5.8,-4.3,Winter Minimum Temperature Change
E07000068,2001-2020,-6.7,-5.8,-4.8,Winter Minimum Temperature Change
E07000069,2001-2020,-5.7,-4.4,-3.6,Winter Minimum Temperature Change
E07000070,2001-2020,-6.9,-6.0,-5.0,Winter Minimum Temperature Change
E07000071,2001-2020,-6.1,-5.3,-4.4,Winter Minimum Temperature Change
E07000072,2001-2020,-6.6,-5.9,-4.5,Winter Minimum Temperature Change
E07000073,2001-2020,-6.6,-5.9,-4.3,Winter Minimum Temperature Change
E07000074,2001-2020,-6.1,-4.9,-4.3,Winter Minimum Temperature Change
E07000075,2001-2020,-6.2,-4.9,-4.3,Winter Minimum Temperature Change
E07000076,2001-2020,-6.2,-4.7,-4.1,Winter Minimum Temperature Change
E07000077,2001-2020,-7.1,-6.3,-4.6,Winter Minimum Temperature Change
E07000078,2001-2020,-6.9,-6.4,-4.8,Winter Minimum Temperature Change
E07000079,2001-2020,-7.4,-6.7,-5.1,Winter Minimum Temperature Change
E07000080,2001-2020,-7.0,-6.2,-4.6,Winter Minimum Temperature Change
E07000081,2001-2020,-6.3,-5.9,-4.1,Winter Minimum Temperature Change
E07000082,2001-2020,-6.8,-6.2,-4.5,Winter Minimum Temperature Change
E07000083,2001-2020,-7.1,-6.7,-4.9,Winter Minimum Temperature Change
E07000084,2001-2020,-7.7,-6.7,-5.5,Winter Minimum Temperature Change
E07000085,2001-2020,-7.6,-6.6,-5.1,Winter Minimum Temperature Change
E07000086,2001-2020,-6.2,-5.4,-4.2,Winter Minimum Temperature Change
E07000087,2001-2020,-5.3,-4.7,-3.5,Winter Minimum Temperature Change
E07000088,2001-2020,-4.1,-3.3,-2.5,Winter Minimum Temperature Change
E07000089,2001-2020,-7.9,-6.9,-5.7,Winter Minimum Temperature Change
E07000090,2001-2020,-6.0,-5.0,-4.0,Winter Minimum Temperature Change
E07000091,2001-2020,-6.6,-6.1,-5.1,Winter Minimum Temperature Change
E07000092,2001-2020,-8.1,-7.2,-6.0,Winter Minimum Temperature Change
E07000093,2001-2020,-7.0,-6.3,-5.0,Winter Minimum Temperature Change
E07000094,2001-2020,-7.1,-6.3,-5.0,Winter Minimum Temperature Change
E07000095,2001-2020,-6.8,-6.0,-4.8,Winter Minimum Temperature Change
E07000096,2001-2020,-7.0,-6.3,-4.6,Winter Minimum Temperature Change
E07000098,2001-2020,-6.6,-5.9,-4.6,Winter Minimum Temperature Change
E07000099,2001-2020,-7.0,-6.5,-4.8,Winter Minimum Temperature Change
E07000102,2001-2020,-6.5,-5.9,-4.5,Winter Minimum Temperature Change
E07000103,2001-2020,-6.4,-5.9,-4.3,Winter Minimum Temperature Change
E07000105,2001-2020,-6.8,-5.2,-4.3,Winter Minimum Temperature Change
E07000106,2001-2020,-6.0,-4.6,-3.9,Winter Minimum Temperature Change
E07000107,2001-2020,-6.0,-5.0,-4.2,Winter Minimum Temperature Change
E07000108,2001-2020,-6.1,-4.6,-3.4,Winter Minimum Temperature Change
E07000109,2001-2020,-6.1,-4.9,-4.4,Winter Minimum Temperature Change
E07000110,2001-2020,-7.1,-5.4,-4.6,Winter Minimum Temperature Change
E07000111,2001-2020,-7.5,-6.2,-5.4,Winter Minimum Temperature Change
E07000112,2001-2020,-6.4,-4.9,-3.9,Winter Minimum Temperature Change
E07000113,2001-2020,-5.8,-4.4,-3.3,Winter Minimum Temperature Change
E07000114,2001-2020,-5.0,-3.7,-2.8,Winter Minimum Temperature Change
E07000115,2001-2020,-7.0,-5.6,-4.9,Winter Minimum Temperature Change
E07000116,2001-2020,-7.5,-5.8,-5.2,Winter Minimum Temperature Change
E07000117,2001-2020,-7.3,-5.9,-4.0,Winter Minimum Temperature Change
E07000118,2001-2020,-7.0,-5.7,-4.0,Winter Minimum Temperature Change
E07000119,2001-2020,-7.6,-6.4,-4.6,Winter Minimum Temperature Change
E07000120,2001-2020,-6.7,-5.1,-3.7,Winter Minimum Temperature Change
E07000121,2001-2020,-6.6,-5.6,-4.1,Winter Minimum Temperature Change
E07000122,2001-2020,-7.6,-6.3,-4.4,Winter Minimum Temperature Change
E07000123,2001-2020,-7.0,-5.9,-4.4,Winter Minimum Temperature Change
E07000124,2001-2020,-7.8,-6.1,-4.5,Winter Minimum Temperature Change
E07000125,2001-2020,-7.6,-6.0,-4.0,Winter Minimum Temperature Change
E07000126,2001-2020,-6.9,-5.7,-4.1,Winter Minimum Temperature Change
E07000127,2001-2020,-6.5,-5.4,-4.0,Winter Minimum Temperature Change
E07000128,2001-2020,-6.9,-5.8,-4.1,Winter Minimum Temperature Change
E07000129,2001-2020,-7.6,-7.0,-5.0,Winter Minimum Temperature Change
E07000130,2001-2020,-7.5,-7.0,-5.0,Winter Minimum Temperature Change
E07000131,2001-2020,-7.9,-7.2,-5.5,Winter Minimum Temperature Change
E07000132,2001-2020,-7.6,-7.0,-5.5,Winter Minimum Temperature Change
E07000133,2001-2020,-7.5,-6.9,-5.2,Winter Minimum Temperature Change
E07000134,2001-2020,-7.3,-6.9,-4.8,Winter Minimum Temperature Change
E07000135,2001-2020,-8.0,-7.4,-5.4,Winter Minimum Temperature Change
E07000136,2001-2020,-7.2,-5.9,-4.6,Winter Minimum Temperature Change
E07000137,2001-2020,-6.6,-5.6,-4.0,Winter Minimum Temperature Change
E07000138,2001-2020,-7.2,-6.3,-4.9,Winter Minimum Temperature Change
E07000139,2001-2020,-7.0,-6.2,-4.7,Winter Minimum Temperature Change
E07000140,2001-2020,-7.0,-6.0,-4.7,Winter Minimum Temperature Change
E07000141,2001-2020,-7.3,-6.4,-5.1,Winter Minimum Temperature Change
E07000142,2001-2020,-6.9,-5.9,-4.6,Winter Minimum Temperature Change
E07000143,2001-2020,-7.4,-6.0,-4.6,Winter Minimum Temperature Change
E07000144,2001-2020,-6.5,-5.3,-4.3,Winter Minimum Temperature Change
E07000145,2001-2020,-5.5,-4.4,-3.1,Winter Minimum Temperature Change
E07000146,2001-2020,-6.9,-5.6,-4.6,Winter Minimum Temperature Change
E07000147,2001-2020,-6.0,-4.7,-3.8,Winter Minimum Temperature Change
E07000148,2001-2020,-6.2,-4.9,-3.9,Winter Minimum Temperature Change
E07000149,2001-2020,-6.6,-5.3,-4.3,Winter Minimum Temperature Change
E07000170,2001-2020,-7.2,-5.9,-4.7,Winter Minimum Temperature Change
E07000171,2001-2020,-7.5,-6.6,-5.0,Winter Minimum Temperature Change
E07000172,2001-2020,-7.0,-6.1,-4.6,Winter Minimum Temperature Change
E07000173,2001-2020,-6.9,-6.1,-4.8,Winter Minimum Temperature Change
E07000174,2001-2020,-7.1,-6.2,-4.5,Winter Minimum Temperature Change
E07000175,2001-2020,-7.4,-6.3,-4.9,Winter Minimum Temperature Change
E07000176,2001-2020,-7.4,-6.5,-4.7,Winter Minimum Temperature Change
E07000177,2001-2020,-8.1,-7.3,-5.3,Winter Minimum Temperature Change
E07000178,2001-2020,-6.7,-5.9,-4.1,Winter Minimum Temperature Change
E07000179,2001-2020,-7.4,-6.9,-5.2,Winter Minimum Temperature Change
E07000180,2001-2020,-7.2,-6.7,-5.1,Winter Minimum Temperature Change
E07000181,2001-2020,-7.5,-6.8,-5.1,Winter Minimum Temperature Change
E07000192,2001-2020,-7.5,-6.5,-4.4,Winter Minimum Temperature Change
E07000193,2001-2020,-7.5,-6.6,-4.7,Winter Minimum Temperature Change
E07000194,2001-2020,-7.4,-6.8,-5.0,Winter Minimum Temperature Change
E07000195,2001-2020,-6.7,-6.1,-4.2,Winter Minimum Temperature Change
E07000196,2001-2020,-7.1,-6.6,-5.1,Winter Minimum Temperature Change
E07000197,2001-2020,-7.3,-6.7,-4.9,Winter Minimum Temperature Change
E07000198,2001-2020,-7.8,-6.7,-5.0,Winter Minimum Temperature Change
E07000199,2001-2020,-7.1,-6.6,-5.0,Winter Minimum Temperature Change
E07000200,2001-2020,-6.7,-5.6,-4.4,Winter Minimum Temperature Change
E07000202,2001-2020,-5.9,-4.7,-3.7,Winter Minimum Temperature Change
E07000203,2001-2020,-6.3,-5.4,-4.4,Winter Minimum Temperature Change
E07000207,2001-2020,-6.5,-5.7,-4.5,Winter Minimum Temperature Change
E07000208,2001-2020,-6.6,-5.7,-4.5,Winter Minimum Temperature Change
E07000209,2001-2020,-7.5,-6.7,-5.7,Winter Minimum Temperature Change
E07000210,2001-2020,-8.0,-6.9,-5.8,Winter Minimum Temperature Change
E07000211,2001-2020,-7.2,-6.2,-4.9,Winter Minimum Temperature Change
E07000212,2001-2020,-6.6,-5.7,-4.7,Winter Minimum Temperature Change
E07000213,2001-2020,-6.0,-5.1,-4.1,Winter Minimum Temperature Change
E07000214,2001-2020,-7.4,-6.6,-5.6,Winter Minimum Temperature Change
E07000215,2001-2020,-7.3,-6.0,-4.9,Winter Minimum Temperature Change
E07000216,2001-2020,-7.6,-6.7,-5.6,Winter Minimum Temperature Change
E07000217,2001-2020,-7.1,-6.2,-5.2,Winter Minimum Temperature Change
E07000218,2001-2020,-7.7,-7.0,-5.4,Winter Minimum Temperature Change
E07000219,2001-2020,-7.2,-6.6,-4.8,Winter Minimum Temperature Change
E07000220,2001-2020,-7.5,-6.8,-5.1,Winter Minimum Temperature Change
E07000221,2001-2020,-7.8,-7.0,-5.1,Winter Minimum Temperature Change
E07000222,2001-2020,-7.9,-7.0,-5.1,Winter Minimum Temperature Change
E07000223,2001-2020,-5.7,-4.5,-3.6,Winter Minimum Temperature Change
E07000224,2001-2020,-6.5,-5.3,-4.5,Winter Minimum Temperature Change
E07000225,2001-2020,-7.1,-6.1,-4.9,Winter Minimum Temperature Change
E07000226,2001-2020,-7.6,-6.3,-5.5,Winter Minimum Temperature Change
E07000227,2001-2020,-7.2,-5.8,-5.1,Winter Minimum Temperature Change
E07000228,2001-2020,-7.2,-5.8,-5.0,Winter Minimum Temperature Change
E07000229,2001-2020,-5.8,-4.6,-3.8,Winter Minimum Temperature Change
E07000234,2001-2020,-7.7,-6.7,-5.1,Winter Minimum Temperature Change
E07000235,2001-2020,-7.3,-6.4,-4.7,Winter Minimum Temperature Change
E07000236,2001-2020,-7.3,-6.4,-4.8,Winter Minimum Temperature Change
E07000237,2001-2020,-7.5,-6.7,-5.6,Winter Minimum Temperature Change
E07000238,2001-2020,-7.3,-6.6,-5.2,Winter Minimum Temperature Change
E07000239,2001-2020,-7.6,-6.5,-5.4,Winter Minimum Temperature Change
E07000240,2001-2020,-6.7,-5.9,-4.4,Winter Minimum Temperature Change
E07000241,2001-2020,-6.7,-5.9,-4.5,Winter Minimum Temperature Change
E07000242,2001-2020,-7.1,-6.3,-4.7,Winter Minimum Temperature Change
E07000243,2001-2020,-6.7,-6.2,-4.5,Winter Minimum Temperature Change
E07000244,2001-2020,-5.9,-4.7,-3.9,Winter Minimum Temperature Change
E07000245,2001-2020,-7.1,-6.0,-4.6,Winter Minimum Temperature Change
E08000001,2001-2020,-7.0,-5.3,-4.3,Winter Minimum Temperature Change
E08000002,2001-2020,-6.6,-5.2,-3.8,Winter Minimum Temperature Change
E08000003,2001-2020,-5.5,-4.2,-2.8,Winter Minimum Temperature Change
E08000004,2001-2020,-6.6,-5.6,-3.4,Winter Minimum Temperature Change
E08000005,2001-2020,-6.9,-5.6,-3.8,Winter Minimum Temperature Change
E08000006,2001-2020,-5.6,-4.5,-3.1,Winter Minimum Temperature Change
E08000007,2001-2020,-5.6,-5.0,-3.6,Winter Minimum Temperature Change
E08000008,2001-2020,-5.8,-5.1,-3.2,Winter Minimum Temperature Change
E08000009,2001-2020,-5.7,-4.7,-3.2,Winter Minimum Temperature Change
E08000010,2001-2020,-6.5,-5.4,-3.9,Winter Minimum Temperature Change
E08000011,2001-2020,-5.6,-4.8,-3.2,Winter Minimum Temperature Change
E08000012,2001-2020,-5.0,-4.3,-2.4,Winter Minimum Temperature Change
E08000013,2001-2020,-6.0,-5.2,-3.6,Winter Minimum Temperature Change
E08000014,2001-2020,-5.5,-4.6,-2.8,Winter Minimum Temperature Change
E08000015,2001-2020,-4.8,-4.0,-2.2,Winter Minimum Temperature Change
E08000016,2001-2020,-6.9,-5.7,-4.0,Winter Minimum Temperature Change
E08000017,2001-2020,-6.8,-6.0,-4.3,Winter Minimum Temperature Change
E08000018,2001-2020,-6.8,-6.1,-4.2,Winter Minimum Temperature Change
E08000019,2001-2020,-6.8,-5.8,-3.9,Winter Minimum Temperature Change
E08000021,2001-2020,-6.3,-5.3,-4.3,Winter Minimum Temperature Change
E08000022,2001-2020,-5.6,-4.9,-3.7,Winter Minimum Temperature Change
E08000023,2001-2020,-5.4,-4.5,-3.3,Winter Minimum Temperature Change
E08000024,2001-2020,-5.8,-4.8,-3.5,Winter Minimum Temperature Change
E08000025,2001-2020,-7.0,-6.3,-4.2,Winter Minimum Temperature Change
E08000026,2001-2020,-7.0,-6.3,-4.5,Winter Minimum Temperature Change
E08000027,2001-2020,-6.8,-6.3,-4.9,Winter Minimum Temperature Change
E08000028,2001-2020,-6.4,-5.9,-3.9,Winter Minimum Temperature Change
E08000029,2001-2020,-8.1,-7.3,-5.8,Winter Minimum Temperature Change
E08000030,2001-2020,-7.1,-6.2,-4.5,Winter Minimum Temperature Change
E08000031,2001-2020,-6.5,-6.2,-4.3,Winter Minimum Temperature Change
E08000032,2001-2020,-6.9,-6.1,-4.4,Winter Minimum Temperature Change
E08000033,2001-2020,-7.3,-6.2,-4.5,Winter Minimum Temperature Change
E08000034,2001-2020,-6.8,-5.5,-3.8,Winter Minimum Temperature Change
E08000035,2001-2020,-6.6,-5.8,-4.1,Winter Minimum Temperature Change
E08000036,2001-2020,-6.2,-5.4,-3.5,Winter Minimum Temperature Change
E08000037,2001-2020,-6.6,-5.2,-4.4,Winter Minimum Temperature Change
E09000001,2001-2020,-4.7,-3.8,-2.4,Winter Minimum Temperature Change
E09000002,2001-2020,-5.2,-4.6,-3.4,Winter Minimum Temperature Change
E09000003,2001-2020,-5.8,-5.1,-4.1,Winter Minimum Temperature Change
E09000004,2001-2020,-5.6,-4.7,-3.9,Winter Minimum Temperature Change
E09000005,2001-2020,-5.4,-4.7,-3.7,Winter Minimum Temperature Change
E09000006,2001-2020,-6.2,-5.4,-4.4,Winter Minimum Temperature Change
E09000007,2001-2020,-5.1,-4.2,-2.9,Winter Minimum Temperature Change
E09000008,2001-2020,-5.9,-5.2,-4.0,Winter Minimum Temperature Change
E09000009,2001-2020,-5.8,-5.0,-4.0,Winter Minimum Temperature Change
E09000010,2001-2020,-5.8,-5.1,-4.0,Winter Minimum Temperature Change
E09000011,2001-2020,-5.2,-4.5,-3.4,Winter Minimum Temperature Change
E09000012,2001-2020,-5.2,-4.2,-2.9,Winter Minimum Temperature Change
E09000013,2001-2020,-5.2,-4.2,-3.1,Winter Minimum Temperature Change
E09000014,2001-2020,-5.3,-4.5,-3.3,Winter Minimum Temperature Change
E09000015,2001-2020,-6.1,-5.5,-4.3,Winter Minimum Temperature Change
E09000016,2001-2020,-5.9,-5.2,-4.1,Winter Minimum Temperature Change
E09000017,2001-2020,-6.2,-5.6,-4.7,Winter Minimum Temperature Change
E09000018,2001-2020,-5.6,-4.8,-3.9,Winter Minimum Temperature Change
E09000019,2001-2020,-5.0,-4.0,-2.7,Winter Minimum Temperature Change
E09000020,2001-2020,-5.0,-3.9,-2.8,Winter Minimum Temperature Change
E09000021,2001-2020,-6.1,-5.2,-4.2,Winter Minimum Temperature Change
E09000022,2001-2020,-5.0,-4.1,-3.1,Winter Minimum Temperature Change
E09000023,2001-2020,-5.2,-4.5,-3.5,Winter Minimum Temperature Change
E09000024,2001-2020,-5.7,-4.8,-3.8,Winter Minimum Temperature Change
E09000025,2001-2020,-5.2,-4.4,-3.0,Winter Minimum Temperature Change
E09000026,2001-2020,-5.6,-4.9,-3.6,Winter Minimum Temperature Change
E09000027,2001-2020,-5.7,-4.9,-3.9,Winter Minimum Temperature Change
E09000028,2001-2020,-4.9,-4.0,-3.0,Winter Minimum Temperature Change
E09000029,2001-2020,-5.9,-5.1,-4.0,Winter Minimum Temperature Change
E09000030,2001-2020,-5.0,-4.1,-2.8,Winter Minimum Temperature Change
E09000031,2001-2020,-5.5,-4.8,-3.4,Winter Minimum Temperature Change
E09000032,2001-2020,-5.4,-4.4,-3.4,Winter Minimum Temperature Change
E09000033,2001-2020,-4.8,-3.8,-2.6,Winter Minimum Temperature Change
N09000001,2001-2020,-5.3,-4.5,-3.0,Winter Minimum Temperature Change
N09000002,2001-2020,-6.0,-5.5,-4.1,Winter Minimum Temperature Change
N09000003,2001-2020,-4.5,-4.2,-3.0,Winter Minimum Temperature Change
N09000004,2001-2020,-5.4,-4.6,-3.1,Winter Minimum Temperature Change
N09000005,2001-2020,-6.2,-5.2,-3.6,Winter Minimum Temperature Change
N09000006,2001-2020,-6.8,-5.7,-4.2,Winter Minimum Temperature Change
N09000007,2001-2020,-5.9,-5.1,-3.7,Winter Minimum Temperature Change
N09000008,2001-2020,-5.2,-4.6,-3.2,Winter Minimum Temperature Change
N09000009,2001-2020,-6.0,-5.3,-3.5,Winter Minimum Temperature Change
N09000010,2001-2020,-5.1,-4.6,-3.3,Winter Minimum Temperature Change
N09000011,2001-2020,-3.5,-2.9,-2.1,Winter Minimum Temperature Change
S12000005,2001-2020,-10.2,-8.0,-6.3,Winter Minimum Temperature Change
S12000006,2001-2020,-8.7,-7.2,-5.9,Winter Minimum Temperature Change
S12000008,2001-2020,-9.5,-7.6,-6.0,Winter Minimum Temperature Change
S12000010,2001-2020,-7.2,-5.8,-4.7,Winter Minimum Temperature Change
S12000011,2001-2020,-9.4,-7.5,-5.8,Winter Minimum Temperature Change
S12000013,2001-2020,-5.2,-3.9,-2.5,Winter Minimum Temperature Change
S12000014,2001-2020,-8.8,-7.2,-5.5,Winter Minimum Temperature Change
S12000017,2001-2020,-9.8,-8.0,-7.1,Winter Minimum Temperature Change
S12000018,2001-2020,-7.0,-5.4,-3.7,Winter Minimum Temperature Change
S12000019,2001-2020,-9.5,-7.4,-6.6,Winter Minimum Temperature Change
S12000020,2001-2020,-10.9,-8.8,-7.8,Winter Minimum Temperature Change
S12000021,2001-2020,-6.8,-5.1,-3.6,Winter Minimum Temperature Change
S12000023,2001-2020,-4.5,-3.2,-2.3,Winter Minimum Temperature Change
S12000026,2001-2020,-10.4,-8.1,-7.1,Winter Minimum Temperature Change
S12000027,2001-2020,-5.8,-3.7,-2.8,Winter Minimum Temperature Change
S12000028,2001-2020,-7.5,-6.0,-4.7,Winter Minimum Temperature Change
S12000029,2001-2020,-10.8,-8.6,-6.9,Winter Minimum Temperature Change
S12000030,2001-2020,-10.4,-7.9,-6.5,Winter Minimum Temperature Change
S12000033,2001-2020,-8.1,-6.4,-5.2,Winter Minimum Temperature Change
S12000034,2001-2020,-10.3,-8.4,-7.0,Winter Minimum Temperature Change
S12000035,2001-2020,-7.3,-5.3,-4.2,Winter Minimum Temperature Change
S12000036,2001-2020,-8.6,-6.9,-5.7,Winter Minimum Temperature Change
S12000038,2001-2020,-9.1,-7.1,-5.5,Winter Minimum Temperature Change
S12000039,2001-2020,-8.0,-5.9,-4.5,Winter Minimum Temperature Change
S12000040,2001-2020,-10.0,-7.9,-6.4,Winter Minimum Temperature Change
S12000041,2001-2020,-10.2,-7.9,-6.9,Winter Minimum Temperature Change
S12000042,2001-2020,-6.9,-5.4,-4.1,Winter Minimum Temperature Change
S12000045,2001-2020,-9.5,-7.2,-5.4,Winter Minimum Temperature Change
S12000047,2001-2020,-7.9,-6.4,-5.2,Winter Minimum Temperature Change
S12000048,2001-2020,-11.7,-9.0,-8.1,Winter Minimum Temperature Change
S12000049,2001-2020,-7.8,-6.5,-4.7,Winter Minimum Temperature Change
S12000050,2001-2020,-9.6,-7.6,-5.8,Winter Minimum Temperature Change
W06000001,2001-2020,-4.2,-3.4,-1.9,Winter Minimum Temperature Change
W06000002,2001-2020,-6.2,-5.2,-3.5,Winter Minimum Temperature Change
W06000003,2001-2020,-7.0,-6.3,-4.6,Winter Minimum Temperature Change
W06000004,2001-2020,-7.4,-6.9,-5.0,Winter Minimum Temperature Change
W06000005,2001-2020,-6.8,-6.3,-4.5,Winter Minimum Temperature Change
W06000006,2001-2020,-7.2,-6.6,-5.0,Winter Minimum Temperature Change
W06000008,2001-2020,-7.0,-6.2,-4.0,Winter Minimum Temperature Change
W06000009,2001-2020,-5.6,-4.8,-3.4,Winter Minimum Temperature Change
W06000010,2001-2020,-6.6,-5.9,-3.8,Winter Minimum Temperature Change
W06000011,2001-2020,-5.2,-4.3,-3.1,Winter Minimum Temperature Change
W06000012,2001-2020,-6.1,-5.2,-3.7,Winter Minimum Temperature Change
W06000013,2001-2020,-6.2,-5.5,-3.9,Winter Minimum Temperature Change
W06000014,2001-2020,-6.1,-5.1,-3.9,Winter Minimum Temperature Change
W06000015,2001-2020,-6.1,-5.4,-4.0,Winter Minimum Temperature Change
W06000016,2001-2020,-6.6,-6.0,-4.0,Winter Minimum Temperature Change
W06000018,2001-2020,-7.0,-6.1,-4.3,Winter Minimum Temperature Change
W06000019,2001-2020,-7.7,-6.7,-5.2,Winter Minimum Temperature Change
W06000020,2001-2020,-7.3,-6.2,-4.8,Winter Minimum Temperature Change
W06000021,2001-2020,-6.5,-5.8,-4.2,Winter Minimum Temperature Change
W06000022,2001-2020,-5.3,-4.9,-3.4,Winter Minimum Temperature Change
W06000023,2001-2020,-8.0,-7.1,-5.0,Winter Minimum Temperature Change
W06000024,2001-2020,-7.1,-6.3,-4.1,Winter Minimum Temperature Change
E12000007,2001-2020,-5.6,-4.9,-3.8,Winter Minimum Temperature Change
E47000001,1.5°C,0.5,1.8,2.9,Winter Minimum Temperature Change
E47000002,1.5°C,0.2,1.6,2.7,Winter Minimum Temperature Change
E47000003,1.5°C,0.5,1.8,2.7,Winter Minimum Temperature Change
E47000004,1.5°C,0.2,1.6,2.3,Winter Minimum Temperature Change
E47000006,1.5°C,0.5,2.2,3.1,Winter Minimum Temperature Change
E47000007,1.5°C,0.6,1.8,2.9,Winter Minimum Temperature Change
E47000008,1.5°C,0.2,1.7,2.6,Winter Minimum Temperature Change
E47000009,1.5°C,0.9,1.5,2.6,Winter Minimum Temperature Change
E47000010,1.5°C,0.6,2.1,3.4,Winter Minimum Temperature Change
E47000011,1.5°C,0.9,2.1,3.2,Winter Minimum Temperature Change
E10000003,1.5°C,0.2,1.7,2.6,Winter Minimum Temperature Change
E10000007,1.5°C,0.7,1.7,3.1,Winter Minimum Temperature Change
E10000008,1.5°C,0.6,1.2,2.6,Winter Minimum Temperature Change
E10000011,1.5°C,0.2,1.6,2.4,Winter Minimum Temperature Change
E10000012,1.5°C,0.5,2.1,2.7,Winter Minimum Temperature Change
E10000013,1.5°C,0.7,1.8,2.6,Winter Minimum Temperature Change
E10000014,1.5°C,0.1,1.5,2.3,Winter Minimum Temperature Change
E10000015,1.5°C,0.5,2.0,2.8,Winter Minimum Temperature Change
E10000016,1.5°C,0.3,2.0,2.6,Winter Minimum Temperature Change
E10000017,1.5°C,0.6,1.5,2.8,Winter Minimum Temperature Change
E10000018,1.5°C,0.5,2.1,3.1,Winter Minimum Temperature Change
E10000019,1.5°C,0.0,1.7,2.8,Winter Minimum Temperature Change
E10000020,1.5°C,0.1,2.0,2.7,Winter Minimum Temperature Change
E10000024,1.5°C,0.3,1.8,2.8,Winter Minimum Temperature Change
E10000025,1.5°C,0.4,2.0,2.6,Winter Minimum Temperature Change
E10000028,1.5°C,0.6,1.8,3.3,Winter Minimum Temperature Change
E10000029,1.5°C,0.1,2.0,2.5,Winter Minimum Temperature Change
E10000030,1.5°C,0.2,1.8,2.6,Winter Minimum Temperature Change
E10000031,1.5°C,0.5,1.9,2.9,Winter Minimum Temperature Change
E10000032,1.5°C,0.2,1.5,2.3,Winter Minimum Temperature Change
E10000034,1.5°C,0.4,1.5,2.7,Winter Minimum Temperature Change
E06000001,1.5°C,0.6,2.1,2.8,Winter Minimum Temperature Change
E06000002,1.5°C,0.5,2.1,2.9,Winter Minimum Temperature Change
E06000003,1.5°C,0.4,2.0,3.0,Winter Minimum Temperature Change
E06000004,1.5°C,0.5,2.3,3.1,Winter Minimum Temperature Change
E06000005,1.5°C,0.4,2.3,3.2,Winter Minimum Temperature Change
E06000006,1.5°C,0.3,1.4,2.7,Winter Minimum Temperature Change
E06000007,1.5°C,0.3,1.4,2.5,Winter Minimum Temperature Change
E06000008,1.5°C,0.6,1.6,2.8,Winter Minimum Temperature Change
E06000009,1.5°C,0.0,1.1,2.6,Winter Minimum Temperature Change
E06000010,1.5°C,0.4,2.0,3.0,Winter Minimum Temperature Change
E06000011,1.5°C,0.5,2.2,3.1,Winter Minimum Temperature Change
E06000012,1.5°C,0.1,2.0,2.9,Winter Minimum Temperature Change
E06000013,1.5°C,0.2,1.8,2.9,Winter Minimum Temperature Change
E06000014,1.5°C,0.5,1.9,3.9,Winter Minimum Temperature Change
E06000015,1.5°C,0.3,1.4,3.1,Winter Minimum Temperature Change
E06000016,1.5°C,0.5,1.9,2.7,Winter Minimum Temperature Change
E06000017,1.5°C,0.4,2.2,2.9,Winter Minimum Temperature Change
E06000018,1.5°C,0.2,1.8,2.7,Winter Minimum Temperature Change
E06000019,1.5°C,0.8,1.4,3.0,Winter Minimum Temperature Change
E06000020,1.5°C,0.6,1.9,3.1,Winter Minimum Temperature Change
E06000021,1.5°C,0.3,2.0,3.7,Winter Minimum Temperature Change
E06000022,1.5°C,0.7,1.6,2.5,Winter Minimum Temperature Change
E06000023,1.5°C,0.7,1.5,2.2,Winter Minimum Temperature Change
E06000024,1.5°C,0.5,1.4,2.1,Winter Minimum Temperature Change
E06000025,1.5°C,0.9,1.6,2.8,Winter Minimum Temperature Change
E06000026,1.5°C,0.5,1.3,1.9,Winter Minimum Temperature Change
E06000027,1.5°C,0.7,1.2,2.3,Winter Minimum Temperature Change
E06000030,1.5°C,0.2,1.8,2.5,Winter Minimum Temperature Change
E06000031,1.5°C,-0.2,1.8,2.7,Winter Minimum Temperature Change
E06000032,1.5°C,0.3,2.0,2.7,Winter Minimum Temperature Change
E06000033,1.5°C,0.7,1.9,2.5,Winter Minimum Temperature Change
E06000034,1.5°C,0.6,1.9,2.3,Winter Minimum Temperature Change
E06000035,1.5°C,0.6,1.8,2.6,Winter Minimum Temperature Change
E06000036,1.5°C,0.2,1.8,2.6,Winter Minimum Temperature Change
E06000037,1.5°C,0.1,2.0,2.3,Winter Minimum Temperature Change
E06000038,1.5°C,0.3,1.9,2.4,Winter Minimum Temperature Change
E06000039,1.5°C,0.5,1.7,2.3,Winter Minimum Temperature Change
E06000040,1.5°C,0.4,1.8,2.4,Winter Minimum Temperature Change
E06000041,1.5°C,0.2,1.8,2.4,Winter Minimum Temperature Change
E06000042,1.5°C,0.4,2.0,2.9,Winter Minimum Temperature Change
E06000043,1.5°C,0.3,1.5,2.5,Winter Minimum Temperature Change
E06000044,1.5°C,0.3,1.1,2.0,Winter Minimum Temperature Change
E06000045,1.5°C,0.4,1.2,2.1,Winter Minimum Temperature Change
E06000046,1.5°C,0.4,1.2,2.2,Winter Minimum Temperature Change
E06000047,1.5°C,0.6,2.1,3.4,Winter Minimum Temperature Change
E06000049,1.5°C,0.6,1.8,3.0,Winter Minimum Temperature Change
E06000050,1.5°C,0.4,1.6,2.9,Winter Minimum Temperature Change
E06000051,1.5°C,0.6,2.0,3.0,Winter Minimum Temperature Change
E06000052,1.5°C,0.5,1.3,2.2,Winter Minimum Temperature Change
E06000053,1.5°C,0.2,0.8,1.9,Winter Minimum Temperature Change
E06000054,1.5°C,0.5,1.9,2.5,Winter Minimum Temperature Change
E06000055,1.5°C,0.4,2.1,2.6,Winter Minimum Temperature Change
E06000056,1.5°C,0.3,2.1,2.6,Winter Minimum Temperature Change
E06000057,1.5°C,0.9,2.1,3.2,Winter Minimum Temperature Change
E06000058,1.5°C,0.5,1.2,1.9,Winter Minimum Temperature Change
E06000059,1.5°C,0.7,1.4,2.3,Winter Minimum Temperature Change
E06000060,1.5°C,0.6,2.0,2.8,Winter Minimum Temperature Change
E06000061,1.5°C,0.3,2.0,3.0,Winter Minimum Temperature Change
E06000062,1.5°C,0.2,2.1,3.1,Winter Minimum Temperature Change
E06000063,1.5°C,1.0,1.8,2.7,Winter Minimum Temperature Change
E06000064,1.5°C,1.1,1.9,3.1,Winter Minimum Temperature Change
E06000065,1.5°C,0.8,2.1,3.0,Winter Minimum Temperature Change
E06000066,1.5°C,0.7,1.4,2.0,Winter Minimum Temperature Change
E07000008,1.5°C,0.2,1.6,2.7,Winter Minimum Temperature Change
E07000009,1.5°C,0.2,1.8,2.7,Winter Minimum Temperature Change
E07000010,1.5°C,-0.1,1.8,2.6,Winter Minimum Temperature Change
E07000011,1.5°C,0.3,1.8,2.7,Winter Minimum Temperature Change
E07000012,1.5°C,0.4,1.9,2.6,Winter Minimum Temperature Change
E07000032,1.5°C,0.4,1.3,2.9,Winter Minimum Temperature Change
E07000033,1.5°C,0.1,1.4,3.0,Winter Minimum Temperature Change
E07000034,1.5°C,-0.2,1.4,2.8,Winter Minimum Temperature Change
E07000035,1.5°C,0.7,1.7,3.1,Winter Minimum Temperature Change
E07000036,1.5°C,0.4,1.5,2.9,Winter Minimum Temperature Change
E07000037,1.5°C,0.8,1.7,3.7,Winter Minimum Temperature Change
E07000038,1.5°C,0.1,1.6,2.9,Winter Minimum Temperature Change
E07000039,1.5°C,0.5,1.6,3.2,Winter Minimum Temperature Change
E07000040,1.5°C,0.8,1.1,2.2,Winter Minimum Temperature Change
E07000041,1.5°C,0.7,1.0,2.0,Winter Minimum Temperature Change
E07000042,1.5°C,0.8,1.1,2.6,Winter Minimum Temperature Change
E07000043,1.5°C,0.7,1.3,2.5,Winter Minimum Temperature Change
E07000044,1.5°C,0.8,1.3,2.3,Winter Minimum Temperature Change
E07000045,1.5°C,0.8,1.2,2.6,Winter Minimum Temperature Change
E07000046,1.5°C,0.5,1.1,2.6,Winter Minimum Temperature Change
E07000047,1.5°C,0.7,1.3,2.7,Winter Minimum Temperature Change
E07000061,1.5°C,0.3,1.4,2.5,Winter Minimum Temperature Change
E07000062,1.5°C,0.5,1.7,2.5,Winter Minimum Temperature Change
E07000063,1.5°C,0.1,1.5,2.3,Winter Minimum Temperature Change
E07000064,1.5°C,0.1,1.7,2.5,Winter Minimum Temperature Change
E07000065,1.5°C,0.2,1.6,2.5,Winter Minimum Temperature Change
E07000066,1.5°C,0.6,1.8,2.7,Winter Minimum Temperature Change
E07000067,1.5°C,0.4,2.1,2.8,Winter Minimum Temperature Change
E07000068,1.5°C,0.6,1.8,2.5,Winter Minimum Temperature Change
E07000069,1.5°C,0.6,1.8,2.6,Winter Minimum Temperature Change
E07000070,1.5°C,0.6,1.9,2.7,Winter Minimum Temperature Change
E07000071,1.5°C,0.5,1.9,2.4,Winter Minimum Temperature Change
E07000072,1.5°C,0.6,1.9,2.6,Winter Minimum Temperature Change
E07000073,1.5°C,0.6,2.0,2.8,Winter Minimum Temperature Change
E07000074,1.5°C,0.6,1.8,2.5,Winter Minimum Temperature Change
E07000075,1.5°C,0.7,1.8,2.6,Winter Minimum Temperature Change
E07000076,1.5°C,0.2,1.8,2.3,Winter Minimum Temperature Change
E07000077,1.5°C,0.4,2.1,2.9,Winter Minimum Temperature Change
E07000078,1.5°C,0.5,1.6,2.7,Winter Minimum Temperature Change
E07000079,1.5°C,0.5,2.1,2.8,Winter Minimum Temperature Change
E07000080,1.5°C,0.7,1.5,2.7,Winter Minimum Temperature Change
E07000081,1.5°C,0.5,1.3,2.4,Winter Minimum Temperature Change
E07000082,1.5°C,0.8,1.6,2.6,Winter Minimum Temperature Change
E07000083,1.5°C,0.4,1.6,2.3,Winter Minimum Temperature Change
E07000084,1.5°C,-0.1,1.9,2.4,Winter Minimum Temperature Change
E07000085,1.5°C,0.1,1.5,2.6,Winter Minimum Temperature Change
E07000086,1.5°C,0.3,1.3,2.0,Winter Minimum Temperature Change
E07000087,1.5°C,0.2,1.2,2.0,Winter Minimum Temperature Change
E07000088,1.5°C,0.3,1.1,2.1,Winter Minimum Temperature Change
E07000089,1.5°C,0.1,1.7,2.8,Winter Minimum Temperature Change
E07000090,1.5°C,0.3,1.2,2.2,Winter Minimum Temperature Change
E07000091,1.5°C,0.5,1.3,2.1,Winter Minimum Temperature Change
E07000092,1.5°C,0.1,1.6,2.8,Winter Minimum Temperature Change
E07000093,1.5°C,0.4,1.5,2.5,Winter Minimum Temperature Change
E07000094,1.5°C,0.1,1.3,2.3,Winter Minimum Temperature Change
E07000095,1.5°C,0.6,1.9,2.5,Winter Minimum Temperature Change
E07000096,1.5°C,0.3,2.0,3.0,Winter Minimum Temperature Change
E07000098,1.5°C,0.5,2.0,2.6,Winter Minimum Temperature Change
E07000099,1.5°C,0.4,2.2,2.8,Winter Minimum Temperature Change
E07000102,1.5°C,0.5,1.7,2.7,Winter Minimum Temperature Change
E07000103,1.5°C,0.5,1.8,2.6,Winter Minimum Temperature Change
E07000105,1.5°C,0.0,2.0,2.9,Winter Minimum Temperature Change
E07000106,1.5°C,0.6,1.9,2.5,Winter Minimum Temperature Change
E07000107,1.5°C,0.5,1.8,2.5,Winter Minimum Temperature Change
E07000108,1.5°C,0.3,1.8,2.8,Winter Minimum Temperature Change
E07000109,1.5°C,0.5,1.8,2.4,Winter Minimum Temperature Change
E07000110,1.5°C,0.2,2.1,2.7,Winter Minimum Temperature Change
E07000111,1.5°C,0.3,1.9,2.7,Winter Minimum Temperature Change
E07000112,1.5°C,0.1,1.8,2.7,Winter Minimum Temperature Change
E07000113,1.5°C,0.6,2.0,2.5,Winter Minimum Temperature Change
E07000114,1.5°C,0.3,1.8,2.2,Winter Minimum Temperature Change
E07000115,1.5°C,0.5,1.7,2.6,Winter Minimum Temperature Change
E07000116,1.5°C,0.0,1.8,2.6,Winter Minimum Temperature Change
E07000117,1.5°C,0.8,1.8,3.4,Winter Minimum Temperature Change
E07000118,1.5°C,0.4,1.5,2.6,Winter Minimum Temperature Change
E07000119,1.5°C,0.2,1.2,2.4,Winter Minimum Temperature Change
E07000120,1.5°C,0.6,1.6,2.8,Winter Minimum Temperature Change
E07000121,1.5°C,0.4,1.4,2.9,Winter Minimum Temperature Change
E07000122,1.5°C,0.7,1.8,3.7,Winter Minimum Temperature Change
E07000123,1.5°C,0.4,1.4,2.4,Winter Minimum Temperature Change
E07000124,1.5°C,0.6,1.5,3.4,Winter Minimum Temperature Change
E07000125,1.5°C,0.6,1.8,3.3,Winter Minimum Temperature Change
E07000126,1.5°C,0.3,1.5,2.2,Winter Minimum Temperature Change
E07000127,1.5°C,0.2,1.5,2.3,Winter Minimum Temperature Change
E07000128,1.5°C,0.3,1.2,2.7,Winter Minimum Temperature Change
E07000129,1.5°C,0.5,2.0,2.9,Winter Minimum Temperature Change
E07000130,1.5°C,0.4,1.9,3.0,Winter Minimum Temperature Change
E07000131,1.5°C,0.4,2.3,3.1,Winter Minimum Temperature Change
E07000132,1.5°C,0.6,2.0,3.0,Winter Minimum Temperature Change
E07000133,1.5°C,0.4,1.9,3.0,Winter Minimum Temperature Change
E07000134,1.5°C,0.5,1.9,3.1,Winter Minimum Temperature Change
E07000135,1.5°C,0.5,2.1,3.1,Winter Minimum Temperature Change
E07000136,1.5°C,0.0,1.6,2.6,Winter Minimum Temperature Change
E07000137,1.5°C,0.0,1.8,3.0,Winter Minimum Temperature Change
E07000138,1.5°C,0.1,1.7,2.6,Winter Minimum Temperature Change
E07000139,1.5°C,-0.1,1.6,2.6,Winter Minimum Temperature Change
E07000140,1.5°C,0.1,1.6,2.4,Winter Minimum Temperature Change
E07000141,1.5°C,0.0,1.7,2.8,Winter Minimum Temperature Change
E07000142,1.5°C,0.2,1.8,3.1,Winter Minimum Temperature Change
E07000143,1.5°C,0.2,2.1,2.9,Winter Minimum Temperature Change
E07000144,1.5°C,0.3,1.9,2.6,Winter Minimum Temperature Change
E07000145,1.5°C,0.1,1.7,2.6,Winter Minimum Temperature Change
E07000146,1.5°C,-0.1,1.9,2.5,Winter Minimum Temperature Change
E07000147,1.5°C,0.2,1.9,2.5,Winter Minimum Temperature Change
E07000148,1.5°C,0.2,1.8,2.6,Winter Minimum Temperature Change
E07000149,1.5°C,0.3,2.2,2.8,Winter Minimum Temperature Change
E07000170,1.5°C,0.5,1.6,2.8,Winter Minimum Temperature Change
E07000171,1.5°C,0.2,1.7,2.9,Winter Minimum Temperature Change
E07000172,1.5°C,0.3,1.7,2.8,Winter Minimum Temperature Change
E07000173,1.5°C,0.5,1.7,2.9,Winter Minimum Temperature Change
E07000174,1.5°C,0.1,1.6,3.3,Winter Minimum Temperature Change
E07000175,1.5°C,0.3,1.6,2.8,Winter Minimum Temperature Change
E07000176,1.5°C,0.5,1.6,2.9,Winter Minimum Temperature Change
E07000177,1.5°C,0.2,2.1,3.2,Winter Minimum Temperature Change
E07000178,1.5°C,0.5,1.9,2.8,Winter Minimum Temperature Change
E07000179,1.5°C,0.5,2.1,2.5,Winter Minimum Temperature Change
E07000180,1.5°C,0.3,1.8,2.4,Winter Minimum Temperature Change
E07000181,1.5°C,0.3,1.9,2.9,Winter Minimum Temperature Change
E07000192,1.5°C,0.7,1.8,3.2,Winter Minimum Temperature Change
E07000193,1.5°C,0.6,1.5,3.2,Winter Minimum Temperature Change
E07000194,1.5°C,0.6,1.7,2.9,Winter Minimum Temperature Change
E07000195,1.5°C,0.3,1.8,3.4,Winter Minimum Temperature Change
E07000196,1.5°C,0.8,1.9,3.1,Winter Minimum Temperature Change
E07000197,1.5°C,0.7,1.8,3.2,Winter Minimum Temperature Change
E07000198,1.5°C,0.7,1.8,3.5,Winter Minimum Temperature Change
E07000199,1.5°C,0.5,1.8,2.7,Winter Minimum Temperature Change
E07000200,1.5°C,0.2,2.1,2.5,Winter Minimum Temperature Change
E07000202,1.5°C,0.2,1.8,2.6,Winter Minimum Temperature Change
E07000203,1.5°C,0.2,2.1,2.8,Winter Minimum Temperature Change
E07000207,1.5°C,0.2,1.5,2.2,Winter Minimum Temperature Change
E07000208,1.5°C,0.4,1.7,2.5,Winter Minimum Temperature Change
E07000209,1.5°C,0.3,1.7,2.6,Winter Minimum Temperature Change
E07000210,1.5°C,0.2,1.9,2.7,Winter Minimum Temperature Change
E07000211,1.5°C,0.3,2.0,2.8,Winter Minimum Temperature Change
E07000212,1.5°C,0.3,1.7,2.3,Winter Minimum Temperature Change
E07000213,1.5°C,0.4,1.5,2.2,Winter Minimum Temperature Change
E07000214,1.5°C,0.2,1.9,2.6,Winter Minimum Temperature Change
E07000215,1.5°C,0.5,1.9,2.7,Winter Minimum Temperature Change
E07000216,1.5°C,0.1,1.6,2.6,Winter Minimum Temperature Change
E07000217,1.5°C,0.1,1.6,2.4,Winter Minimum Temperature Change
E07000218,1.5°C,0.5,1.8,2.9,Winter Minimum Temperature Change
E07000219,1.5°C,0.5,2.0,2.9,Winter Minimum Temperature Change
E07000220,1.5°C,0.7,1.8,2.9,Winter Minimum Temperature Change
E07000221,1.5°C,0.4,2.0,3.0,Winter Minimum Temperature Change
E07000222,1.5°C,0.5,1.9,3.0,Winter Minimum Temperature Change
E07000223,1.5°C,0.3,1.4,2.5,Winter Minimum Temperature Change
E07000224,1.5°C,0.3,1.3,2.3,Winter Minimum Temperature Change
E07000225,1.5°C,0.1,1.4,2.3,Winter Minimum Temperature Change
E07000226,1.5°C,0.3,1.7,2.6,Winter Minimum Temperature Change
E07000227,1.5°C,0.1,1.5,2.4,Winter Minimum Temperature Change
E07000228,1.5°C,0.1,1.7,2.6,Winter Minimum Temperature Change
E07000229,1.5°C,0.2,1.3,2.3,Winter Minimum Temperature Change
E07000234,1.5°C,0.7,1.9,3.0,Winter Minimum Temperature Change
E07000235,1.5°C,0.4,1.7,2.8,Winter Minimum Temperature Change
E07000236,1.5°C,0.5,1.9,2.8,Winter Minimum Temperature Change
E07000237,1.5°C,0.6,1.6,2.7,Winter Minimum Temperature Change
E07000238,1.5°C,0.4,1.6,2.5,Winter Minimum Temperature Change
E07000239,1.5°C,0.7,1.7,2.6,Winter Minimum Temperature Change
E07000240,1.5°C,0.4,1.9,2.8,Winter Minimum Temperature Change
E07000241,1.5°C,0.4,2.0,2.6,Winter Minimum Temperature Change
E07000242,1.5°C,0.5,2.1,2.8,Winter Minimum Temperature Change
E07000243,1.5°C,0.5,2.1,2.7,Winter Minimum Temperature Change
E07000244,1.5°C,0.2,1.9,2.5,Winter Minimum Temperature Change
E07000245,1.5°C,0.1,2.1,2.8,Winter Minimum Temperature Change
E08000001,1.5°C,0.5,1.6,2.9,Winter Minimum Temperature Change
E08000002,1.5°C,0.4,1.7,2.8,Winter Minimum Temperature Change
E08000003,1.5°C,0.4,1.5,2.6,Winter Minimum Temperature Change
E08000004,1.5°C,0.9,2.1,3.4,Winter Minimum Temperature Change
E08000005,1.5°C,0.7,2.2,3.3,Winter Minimum Temperature Change
E08000006,1.5°C,0.4,1.4,2.5,Winter Minimum Temperature Change
E08000007,1.5°C,0.7,1.7,3.1,Winter Minimum Temperature Change
E08000008,1.5°C,0.8,2.0,3.2,Winter Minimum Temperature Change
E08000009,1.5°C,0.6,1.5,2.6,Winter Minimum Temperature Change
E08000010,1.5°C,0.4,1.1,2.6,Winter Minimum Temperature Change
E08000011,1.5°C,0.1,1.6,2.7,Winter Minimum Temperature Change
E08000012,1.5°C,0.0,1.9,2.4,Winter Minimum Temperature Change
E08000013,1.5°C,0.4,1.5,2.6,Winter Minimum Temperature Change
E08000014,1.5°C,0.1,1.4,2.5,Winter Minimum Temperature Change
E08000015,1.5°C,0.2,1.4,2.5,Winter Minimum Temperature Change
E08000016,1.5°C,0.2,1.5,2.7,Winter Minimum Temperature Change
E08000017,1.5°C,0.1,1.5,2.8,Winter Minimum Temperature Change
E08000018,1.5°C,0.1,1.4,2.9,Winter Minimum Temperature Change
E08000019,1.5°C,0.3,1.6,3.2,Winter Minimum Temperature Change
E08000021,1.5°C,0.9,2.1,3.1,Winter Minimum Temperature Change
E08000022,1.5°C,1.1,1.9,3.1,Winter Minimum Temperature Change
E08000023,1.5°C,0.9,1.9,3.0,Winter Minimum Temperature Change
E08000024,1.5°C,0.8,2.0,3.1,Winter Minimum Temperature Change
E08000025,1.5°C,0.5,1.8,3.2,Winter Minimum Temperature Change
E08000026,1.5°C,0.5,2.0,2.9,Winter Minimum Temperature Change
E08000027,1.5°C,0.8,1.8,3.0,Winter Minimum Temperature Change
E08000028,1.5°C,0.9,1.7,3.1,Winter Minimum Temperature Change
E08000029,1.5°C,0.5,2.0,3.0,Winter Minimum Temperature Change
E08000030,1.5°C,0.7,1.7,3.2,Winter Minimum Temperature Change
E08000031,1.5°C,0.7,1.8,3.1,Winter Minimum Temperature Change
E08000032,1.5°C,0.7,1.9,3.0,Winter Minimum Temperature Change
E08000033,1.5°C,0.8,1.7,3.2,Winter Minimum Temperature Change
E08000034,1.5°C,0.5,1.7,2.7,Winter Minimum Temperature Change
E08000035,1.5°C,0.2,1.7,2.5,Winter Minimum Temperature Change
E08000036,1.5°C,0.1,1.5,2.4,Winter Minimum Temperature Change
E08000037,1.5°C,0.9,2.3,3.3,Winter Minimum Temperature Change
E09000001,1.5°C,0.1,1.3,2.1,Winter Minimum Temperature Change
E09000002,1.5°C,0.6,1.7,2.2,Winter Minimum Temperature Change
E09000003,1.5°C,0.4,1.7,2.3,Winter Minimum Temperature Change
E09000004,1.5°C,0.4,1.7,2.1,Winter Minimum Temperature Change
E09000005,1.5°C,0.6,1.6,2.1,Winter Minimum Temperature Change
E09000006,1.5°C,0.4,1.7,2.6,Winter Minimum Temperature Change
E09000007,1.5°C,0.4,1.4,2.3,Winter Minimum Temperature Change
E09000008,1.5°C,0.3,1.7,2.6,Winter Minimum Temperature Change
E09000009,1.5°C,0.5,1.5,2.1,Winter Minimum Temperature Change
E09000010,1.5°C,0.4,1.6,2.3,Winter Minimum Temperature Change
E09000011,1.5°C,0.3,1.6,2.2,Winter Minimum Temperature Change
E09000012,1.5°C,0.3,1.3,2.2,Winter Minimum Temperature Change
E09000013,1.5°C,0.1,1.4,2.1,Winter Minimum Temperature Change
E09000014,1.5°C,0.3,1.4,2.2,Winter Minimum Temperature Change
E09000015,1.5°C,0.4,1.8,2.5,Winter Minimum Temperature Change
E09000016,1.5°C,0.6,1.8,2.3,Winter Minimum Temperature Change
E09000017,1.5°C,0.4,1.7,2.2,Winter Minimum Temperature Change
E09000018,1.5°C,0.4,1.3,2.0,Winter Minimum Temperature Change
E09000019,1.5°C,0.4,1.3,2.1,Winter Minimum Temperature Change
E09000020,1.5°C,0.3,1.4,2.2,Winter Minimum Temperature Change
E09000021,1.5°C,0.3,1.3,2.1,Winter Minimum Temperature Change
E09000022,1.5°C,0.2,1.4,2.1,Winter Minimum Temperature Change
E09000023,1.5°C,0.3,1.4,2.3,Winter Minimum Temperature Change
E09000024,1.5°C,0.2,1.3,2.1,Winter Minimum Temperature Change
E09000025,1.5°C,0.5,1.5,2.1,Winter Minimum Temperature Change
E09000026,1.5°C,0.6,1.7,2.4,Winter Minimum Temperature Change
E09000027,1.5°C,0.4,1.3,2.0,Winter Minimum Temperature Change
E09000028,1.5°C,0.3,1.4,2.1,Winter Minimum Temperature Change
E09000029,1.5°C,0.4,1.5,2.4,Winter Minimum Temperature Change
E09000030,1.5°C,0.3,1.4,2.1,Winter Minimum Temperature Change
E09000031,1.5°C,0.4,1.5,2.3,Winter Minimum Temperature Change
E09000032,1.5°C,0.2,1.4,2.0,Winter Minimum Temperature Change
E09000033,1.5°C,0.3,1.4,2.3,Winter Minimum Temperature Change
N09000001,1.5°C,0.5,1.4,2.6,Winter Minimum Temperature Change
N09000002,1.5°C,0.5,1.4,2.1,Winter Minimum Temperature Change
N09000003,1.5°C,0.1,1.3,2.1,Winter Minimum Temperature Change
N09000004,1.5°C,0.2,1.5,2.3,Winter Minimum Temperature Change
N09000005,1.5°C,0.6,1.7,3.1,Winter Minimum Temperature Change
N09000006,1.5°C,0.6,1.6,3.1,Winter Minimum Temperature Change
N09000007,1.5°C,0.6,1.4,2.4,Winter Minimum Temperature Change
N09000008,1.5°C,0.3,1.4,2.7,Winter Minimum Temperature Change
N09000009,1.5°C,0.4,1.5,2.3,Winter Minimum Temperature Change
N09000010,1.5°C,0.5,1.3,2.5,Winter Minimum Temperature Change
N09000011,1.5°C,0.2,1.1,1.9,Winter Minimum Temperature Change
S12000005,1.5°C,0.5,1.9,3.5,Winter Minimum Temperature Change
S12000006,1.5°C,0.6,1.6,3.0,Winter Minimum Temperature Change
S12000008,1.5°C,0.9,1.8,3.5,Winter Minimum Temperature Change
S12000010,1.5°C,0.2,1.7,3.0,Winter Minimum Temperature Change
S12000011,1.5°C,0.3,1.9,4.2,Winter Minimum Temperature Change
S12000013,1.5°C,0.4,1.6,3.1,Winter Minimum Temperature Change
S12000014,1.5°C,0.2,1.6,3.5,Winter Minimum Temperature Change
S12000017,1.5°C,0.7,2.3,3.6,Winter Minimum Temperature Change
S12000018,1.5°C,0.6,2.0,3.3,Winter Minimum Temperature Change
S12000019,1.5°C,0.3,1.8,3.7,Winter Minimum Temperature Change
S12000020,1.5°C,0.6,2.2,3.5,Winter Minimum Temperature Change
S12000021,1.5°C,0.4,1.8,2.7,Winter Minimum Temperature Change
S12000023,1.5°C,0.8,1.5,2.5,Winter Minimum Temperature Change
S12000026,1.5°C,0.7,2.1,3.9,Winter Minimum Temperature Change
S12000027,1.5°C,0.4,1.6,2.5,Winter Minimum Temperature Change
S12000028,1.5°C,0.5,1.6,2.9,Winter Minimum Temperature Change
S12000029,1.5°C,0.6,1.8,3.9,Winter Minimum Temperature Change
S12000030,1.5°C,0.5,2.4,3.7,Winter Minimum Temperature Change
S12000033,1.5°C,0.9,2.1,3.4,Winter Minimum Temperature Change
S12000034,1.5°C,0.8,2.2,3.4,Winter Minimum Temperature Change
S12000035,1.5°C,0.6,2.1,3.1,Winter Minimum Temperature Change
S12000036,1.5°C,0.8,1.7,3.2,Winter Minimum Temperature Change
S12000038,1.5°C,0.4,1.8,3.6,Winter Minimum Temperature Change
S12000039,1.5°C,0.4,2.3,3.9,Winter Minimum Temperature Change
S12000040,1.5°C,0.4,1.7,4.3,Winter Minimum Temperature Change
S12000041,1.5°C,0.7,2.0,3.4,Winter Minimum Temperature Change
S12000042,1.5°C,1.0,1.9,3.1,Winter Minimum Temperature Change
S12000045,1.5°C,0.6,2.3,4.0,Winter Minimum Temperature Change
S12000047,1.5°C,0.6,1.7,3.4,Winter Minimum Temperature Change
S12000048,1.5°C,0.4,2.2,3.5,Winter Minimum Temperature Change
S12000049,1.5°C,0.2,1.6,3.6,Winter Minimum Temperature Change
S12000050,1.5°C,0.8,2.2,4.5,Winter Minimum Temperature Change
W06000001,1.5°C,0.5,1.1,2.0,Winter Minimum Temperature Change
W06000002,1.5°C,0.7,1.7,3.1,Winter Minimum Temperature Change
W06000003,1.5°C,0.6,1.9,3.9,Winter Minimum Temperature Change
W06000004,1.5°C,0.6,1.8,3.9,Winter Minimum Temperature Change
W06000005,1.5°C,0.6,1.8,3.0,Winter Minimum Temperature Change
W06000006,1.5°C,0.6,1.8,3.2,Winter Minimum Temperature Change
W06000008,1.5°C,0.8,1.7,2.9,Winter Minimum Temperature Change
W06000009,1.5°C,0.2,1.3,2.4,Winter Minimum Temperature Change
W06000010,1.5°C,0.4,1.8,2.9,Winter Minimum Temperature Change
W06000011,1.5°C,0.1,1.4,2.1,Winter Minimum Temperature Change
W06000012,1.5°C,0.4,1.7,2.7,Winter Minimum Temperature Change
W06000013,1.5°C,0.6,1.4,2.3,Winter Minimum Temperature Change
W06000014,1.5°C,0.5,1.4,2.2,Winter Minimum Temperature Change
W06000015,1.5°C,0.7,1.4,2.3,Winter Minimum Temperature Change
W06000016,1.5°C,0.7,1.6,3.1,Winter Minimum Temperature Change
W06000018,1.5°C,0.8,1.7,2.7,Winter Minimum Temperature Change
W06000019,1.5°C,1.1,1.7,3.2,Winter Minimum Temperature Change
W06000020,1.5°C,0.9,1.5,2.9,Winter Minimum Temperature Change
W06000021,1.5°C,1.0,1.5,3.1,Winter Minimum Temperature Change
W06000022,1.5°C,1.0,1.4,2.4,Winter Minimum Temperature Change
W06000023,1.5°C,0.9,1.9,3.5,Winter Minimum Temperature Change
W06000024,1.5°C,0.8,1.6,3.2,Winter Minimum Temperature Change
E12000007,1.5°C,0.5,1.6,2.2,Winter Minimum Temperature Change
E47000001,2°C,1.1,1.8,3.7,Winter Minimum Temperature Change
E47000002,2°C,1.2,2.0,3.6,Winter Minimum Temperature Change
E47000003,2°C,1.6,2.3,3.7,Winter Minimum Temperature Change
E47000004,2°C,0.9,1.9,2.8,Winter Minimum Temperature Change
E47000006,2°C,1.6,2.3,3.9,Winter Minimum Temperature Change
E47000007,2°C,1.2,2.0,3.5,Winter Minimum Temperature Change
E47000008,2°C,0.9,2.1,3.2,Winter Minimum Temperature Change
E47000009,2°C,0.8,1.9,2.8,Winter Minimum Temperature Change
E47000010,2°C,1.8,2.7,4.1,Winter Minimum Temperature Change
E47000011,2°C,1.8,2.7,4.1,Winter Minimum Temperature Change
E10000003,2°C,0.9,2.1,3.2,Winter Minimum Temperature Change
E10000007,2°C,1.2,2.2,4.0,Winter Minimum Temperature Change
E10000008,2°C,0.6,1.7,2.6,Winter Minimum Temperature Change
E10000011,2°C,1.2,1.8,2.8,Winter Minimum Temperature Change
E10000012,2°C,1.1,2.1,3.2,Winter Minimum Temperature Change
E10000013,2°C,1.1,2.1,3.0,Winter Minimum Temperature Change
E10000014,2°C,0.9,1.8,2.5,Winter Minimum Temperature Change
E10000015,2°C,1.0,2.2,3.1,Winter Minimum Temperature Change
E10000016,2°C,1.2,1.9,2.8,Winter Minimum Temperature Change
E10000017,2°C,1.3,2.0,3.3,Winter Minimum Temperature Change
E10000018,2°C,1.2,2.3,3.5,Winter Minimum Temperature Change
E10000019,2°C,0.9,2.1,3.4,Winter Minimum Temperature Change
E10000020,2°C,1.0,2.0,3.4,Winter Minimum Temperature Change
E10000024,2°C,1.1,2.0,3.5,Winter Minimum Temperature Change
E10000025,2°C,0.9,2.2,2.7,Winter Minimum Temperature Change
E10000028,2°C,1.1,2.1,3.8,Winter Minimum Temperature Change
E10000029,2°C,1.1,2.2,3.3,Winter Minimum Temperature Change
E10000030,2°C,1.2,1.9,2.9,Winter Minimum Temperature Change
E10000031,2°C,1.0,2.0,3.0,Winter Minimum Temperature Change
E10000032,2°C,0.8,1.7,2.6,Winter Minimum Temperature Change
E10000034,2°C,0.9,1.7,3.4,Winter Minimum Temperature Change
E06000001,2°C,1.5,2.3,3.5,Winter Minimum Temperature Change
E06000002,2°C,1.3,2.4,3.9,Winter Minimum Temperature Change
E06000003,2°C,1.7,2.3,3.7,Winter Minimum Temperature Change
E06000004,2°C,1.6,2.3,4.0,Winter Minimum Temperature Change
E06000005,2°C,1.7,2.4,4.4,Winter Minimum Temperature Change
E06000006,2°C,0.6,1.9,3.2,Winter Minimum Temperature Change
E06000007,2°C,0.7,1.7,3.2,Winter Minimum Temperature Change
E06000008,2°C,1.0,2.2,3.6,Winter Minimum Temperature Change
E06000009,2°C,0.5,1.7,2.6,Winter Minimum Temperature Change
E06000010,2°C,1.0,2.3,3.5,Winter Minimum Temperature Change
E06000011,2°C,1.3,2.2,3.9,Winter Minimum Temperature Change
E06000012,2°C,0.7,2.1,3.5,Winter Minimum Temperature Change
E06000013,2°C,0.8,2.1,3.6,Winter Minimum Temperature Change
E06000014,2°C,1.4,2.1,4.1,Winter Minimum Temperature Change
E06000015,2°C,0.8,2.0,3.3,Winter Minimum Temperature Change
E06000016,2°C,0.9,2.2,3.2,Winter Minimum Temperature Change
E06000017,2°C,0.8,2.4,3.6,Winter Minimum Temperature Change
E06000018,2°C,0.7,1.8,3.1,Winter Minimum Temperature Change
E06000019,2°C,1.0,1.7,3.8,Winter Minimum Temperature Change
E06000020,2°C,1.2,2.1,3.6,Winter Minimum Temperature Change
E06000021,2°C,1.2,1.8,4.0,Winter Minimum Temperature Change
E06000022,2°C,0.9,1.9,2.8,Winter Minimum Temperature Change
E06000023,2°C,0.9,1.5,2.6,Winter Minimum Temperature Change
E06000024,2°C,0.7,1.7,2.6,Winter Minimum Temperature Change
E06000025,2°C,0.8,1.9,2.8,Winter Minimum Temperature Change
E06000026,2°C,0.8,1.5,2.4,Winter Minimum Temperature Change
E06000027,2°C,0.9,1.5,2.2,Winter Minimum Temperature Change
E06000030,2°C,0.6,2.0,3.0,Winter Minimum Temperature Change
E06000031,2°C,0.8,2.2,3.1,Winter Minimum Temperature Change
E06000032,2°C,1.1,2.3,3.0,Winter Minimum Temperature Change
E06000033,2°C,1.0,2.0,2.9,Winter Minimum Temperature Change
E06000034,2°C,1.1,1.7,2.7,Winter Minimum Temperature Change
E06000035,2°C,1.3,1.9,2.7,Winter Minimum Temperature Change
E06000036,2°C,0.8,2.0,2.7,Winter Minimum Temperature Change
E06000037,2°C,0.9,1.9,2.7,Winter Minimum Temperature Change
E06000038,2°C,0.9,1.7,2.7,Winter Minimum Temperature Change
E06000039,2°C,1.0,1.8,2.4,Winter Minimum Temperature Change
E06000040,2°C,0.8,1.8,2.6,Winter Minimum Temperature Change
E06000041,2°C,0.8,1.8,2.6,Winter Minimum Temperature Change
E06000042,2°C,0.9,2.4,2.9,Winter Minimum Temperature Change
E06000043,2°C,1.0,1.8,2.5,Winter Minimum Temperature Change
E06000044,2°C,0.6,1.5,2.0,Winter Minimum Temperature Change
E06000045,2°C,0.8,1.5,2.0,Winter Minimum Temperature Change
E06000046,2°C,0.7,1.5,2.1,Winter Minimum Temperature Change
E06000047,2°C,1.8,2.7,4.2,Winter Minimum Temperature Change
E06000049,2°C,1.0,2.0,3.4,Winter Minimum Temperature Change
E06000050,2°C,1.1,2.0,3.5,Winter Minimum Temperature Change
E06000051,2°C,1.5,2.3,4.1,Winter Minimum Temperature Change
E06000052,2°C,0.5,1.5,2.8,Winter Minimum Temperature Change
E06000053,2°C,0.4,1.2,1.7,Winter Minimum Temperature Change
E06000054,2°C,0.8,2.1,2.7,Winter Minimum Temperature Change
E06000055,2°C,0.7,2.3,3.0,Winter Minimum Temperature Change
E06000056,2°C,0.9,2.2,3.1,Winter Minimum Temperature Change
E06000057,2°C,1.8,2.7,4.1,Winter Minimum Temperature Change
E06000058,2°C,0.8,1.6,2.1,Winter Minimum Temperature Change
E06000059,2°C,1.0,1.9,2.4,Winter Minimum Temperature Change
E06000060,2°C,1.0,2.3,3.1,Winter Minimum Temperature Change
E06000061,2°C,0.6,2.4,3.5,Winter Minimum Temperature Change
E06000062,2°C,0.8,2.5,3.1,Winter Minimum Temperature Change
E06000063,2°C,1.2,2.4,3.4,Winter Minimum Temperature Change
E06000064,2°C,1.5,2.8,3.9,Winter Minimum Temperature Change
E06000065,2°C,1.6,2.6,4.1,Winter Minimum Temperature Change
E06000066,2°C,1.0,2.0,2.6,Winter Minimum Temperature Change
E07000008,2°C,1.0,2.0,3.3,Winter Minimum Temperature Change
E07000009,2°C,0.8,2.1,3.3,Winter Minimum Temperature Change
E07000010,2°C,0.8,2.1,3.0,Winter Minimum Temperature Change
E07000011,2°C,0.9,2.1,3.1,Winter Minimum Temperature Change
E07000012,2°C,1.0,2.1,3.2,Winter Minimum Temperature Change
E07000032,2°C,1.3,2.0,3.8,Winter Minimum Temperature Change
E07000033,2°C,1.1,2.2,3.9,Winter Minimum Temperature Change
E07000034,2°C,0.7,2.0,3.9,Winter Minimum Temperature Change
E07000035,2°C,1.1,2.3,4.3,Winter Minimum Temperature Change
E07000036,2°C,0.8,1.8,3.1,Winter Minimum Temperature Change
E07000037,2°C,1.4,2.8,4.3,Winter Minimum Temperature Change
E07000038,2°C,1.4,2.2,4.1,Winter Minimum Temperature Change
E07000039,2°C,0.9,2.2,3.3,Winter Minimum Temperature Change
E07000040,2°C,0.8,1.7,2.7,Winter Minimum Temperature Change
E07000041,2°C,0.5,1.5,2.3,Winter Minimum Temperature Change
E07000042,2°C,0.7,1.9,3.0,Winter Minimum Temperature Change
E07000043,2°C,0.6,1.7,2.6,Winter Minimum Temperature Change
E07000044,2°C,0.8,1.7,2.5,Winter Minimum Temperature Change
E07000045,2°C,0.8,1.6,2.6,Winter Minimum Temperature Change
E07000046,2°C,0.6,1.6,2.4,Winter Minimum Temperature Change
E07000047,2°C,0.6,2.0,2.8,Winter Minimum Temperature Change
E07000061,2°C,0.9,1.8,2.5,Winter Minimum Temperature Change
E07000062,2°C,1.2,2.0,2.5,Winter Minimum Temperature Change
E07000063,2°C,1.0,1.8,2.4,Winter Minimum Temperature Change
E07000064,2°C,1.1,1.8,2.8,Winter Minimum Temperature Change
E07000065,2°C,1.3,1.9,2.8,Winter Minimum Temperature Change
E07000066,2°C,1.0,2.0,2.8,Winter Minimum Temperature Change
E07000067,2°C,0.8,2.2,3.3,Winter Minimum Temperature Change
E07000068,2°C,1.3,2.0,3.3,Winter Minimum Temperature Change
E07000069,2°C,1.0,2.1,2.7,Winter Minimum Temperature Change
E07000070,2°C,1.2,2.1,3.3,Winter Minimum Temperature Change
E07000071,2°C,0.9,2.2,2.8,Winter Minimum Temperature Change
E07000072,2°C,1.2,2.1,3.1,Winter Minimum Temperature Change
E07000073,2°C,1.2,2.2,3.2,Winter Minimum Temperature Change
E07000074,2°C,1.1,2.0,2.8,Winter Minimum Temperature Change
E07000075,2°C,1.0,2.0,2.8,Winter Minimum Temperature Change
E07000076,2°C,1.1,2.0,2.7,Winter Minimum Temperature Change
E07000077,2°C,1.0,2.2,3.7,Winter Minimum Temperature Change
E07000078,2°C,0.8,1.9,3.1,Winter Minimum Temperature Change
E07000079,2°C,1.1,2.1,2.9,Winter Minimum Temperature Change
E07000080,2°C,1.0,1.8,3.2,Winter Minimum Temperature Change
E07000081,2°C,0.7,1.5,3.1,Winter Minimum Temperature Change
E07000082,2°C,1.1,1.9,3.0,Winter Minimum Temperature Change
E07000083,2°C,1.0,1.8,3.2,Winter Minimum Temperature Change
E07000084,2°C,1.0,1.9,2.7,Winter Minimum Temperature Change
E07000085,2°C,1.0,2.0,2.9,Winter Minimum Temperature Change
E07000086,2°C,0.7,1.4,2.0,Winter Minimum Temperature Change
E07000087,2°C,0.7,1.5,2.0,Winter Minimum Temperature Change
E07000088,2°C,0.7,1.6,2.1,Winter Minimum Temperature Change
E07000089,2°C,0.8,1.8,3.1,Winter Minimum Temperature Change
E07000090,2°C,0.6,1.7,2.3,Winter Minimum Temperature Change
E07000091,2°C,0.8,1.6,2.2,Winter Minimum Temperature Change
E07000092,2°C,1.0,2.0,3.0,Winter Minimum Temperature Change
E07000093,2°C,1.0,1.9,2.4,Winter Minimum Temperature Change
E07000094,2°C,0.6,1.6,2.5,Winter Minimum Temperature Change
E07000095,2°C,1.2,2.0,2.7,Winter Minimum Temperature Change
E07000096,2°C,1.0,2.3,3.3,Winter Minimum Temperature Change
E07000098,2°C,1.2,2.1,2.8,Winter Minimum Temperature Change
E07000099,2°C,1.1,2.3,3.2,Winter Minimum Temperature Change
E07000102,2°C,0.9,2.1,2.9,Winter Minimum Temperature Change
E07000103,2°C,1.0,2.2,2.7,Winter Minimum Temperature Change
E07000105,2°C,1.1,2.0,3.2,Winter Minimum Temperature Change
E07000106,2°C,1.0,1.9,2.9,Winter Minimum Temperature Change
E07000107,2°C,1.1,1.8,2.4,Winter Minimum Temperature Change
E07000108,2°C,0.9,2.0,2.8,Winter Minimum Temperature Change
E07000109,2°C,1.3,2.0,2.8,Winter Minimum Temperature Change
E07000110,2°C,1.5,2.0,2.9,Winter Minimum Temperature Change
E07000111,2°C,1.2,1.9,2.7,Winter Minimum Temperature Change
E07000112,2°C,1.1,2.0,3.0,Winter Minimum Temperature Change
E07000113,2°C,1.2,2.0,2.8,Winter Minimum Temperature Change
E07000114,2°C,0.9,1.8,2.5,Winter Minimum Temperature Change
E07000115,2°C,0.9,2.0,2.7,Winter Minimum Temperature Change
E07000116,2°C,1.1,1.9,2.6,Winter Minimum Temperature Change
E07000117,2°C,1.0,2.6,4.3,Winter Minimum Temperature Change
E07000118,2°C,1.1,1.8,3.2,Winter Minimum Temperature Change
E07000119,2°C,0.8,1.9,2.7,Winter Minimum Temperature Change
E07000120,2°C,0.7,2.1,3.7,Winter Minimum Temperature Change
E07000121,2°C,1.1,1.8,3.1,Winter Minimum Temperature Change
E07000122,2°C,1.3,2.7,4.1,Winter Minimum Temperature Change
E07000123,2°C,1.3,1.9,3.1,Winter Minimum Temperature Change
E07000124,2°C,1.4,2.4,3.5,Winter Minimum Temperature Change
E07000125,2°C,1.1,2.5,3.7,Winter Minimum Temperature Change
E07000126,2°C,0.8,1.7,2.9,Winter Minimum Temperature Change
E07000127,2°C,0.8,1.7,2.9,Winter Minimum Temperature Change
E07000128,2°C,1.1,1.9,2.8,Winter Minimum Temperature Change
E07000129,2°C,1.1,2.3,3.2,Winter Minimum Temperature Change
E07000130,2°C,1.0,2.4,3.4,Winter Minimum Temperature Change
E07000131,2°C,1.2,2.4,3.4,Winter Minimum Temperature Change
E07000132,2°C,1.1,2.0,3.4,Winter Minimum Temperature Change
E07000133,2°C,1.3,2.3,3.8,Winter Minimum Temperature Change
E07000134,2°C,1.0,2.1,3.4,Winter Minimum Temperature Change
E07000135,2°C,1.0,2.3,3.2,Winter Minimum Temperature Change
E07000136,2°C,0.9,1.9,3.1,Winter Minimum Temperature Change
E07000137,2°C,1.0,2.1,3.5,Winter Minimum Temperature Change
E07000138,2°C,0.8,2.0,3.6,Winter Minimum Temperature Change
E07000139,2°C,0.8,2.1,3.4,Winter Minimum Temperature Change
E07000140,2°C,0.8,2.0,2.9,Winter Minimum Temperature Change
E07000141,2°C,0.9,2.2,3.3,Winter Minimum Temperature Change
E07000142,2°C,0.7,2.1,3.6,Winter Minimum Temperature Change
E07000143,2°C,1.0,2.2,3.5,Winter Minimum Temperature Change
E07000144,2°C,0.7,2.2,3.4,Winter Minimum Temperature Change
E07000145,2°C,1.2,2.1,3.2,Winter Minimum Temperature Change
E07000146,2°C,0.8,1.9,3.2,Winter Minimum Temperature Change
E07000147,2°C,0.9,2.0,3.3,Winter Minimum Temperature Change
E07000148,2°C,0.9,2.0,3.5,Winter Minimum Temperature Change
E07000149,2°C,1.1,2.3,3.7,Winter Minimum Temperature Change
E07000170,2°C,1.1,2.0,3.8,Winter Minimum Temperature Change
E07000171,2°C,0.9,1.9,3.7,Winter Minimum Temperature Change
E07000172,2°C,0.8,1.8,3.2,Winter Minimum Temperature Change
E07000173,2°C,1.2,2.0,3.4,Winter Minimum Temperature Change
E07000174,2°C,0.8,2.2,3.9,Winter Minimum Temperature Change
E07000175,2°C,1.1,2.0,3.4,Winter Minimum Temperature Change
E07000176,2°C,0.9,2.0,3.4,Winter Minimum Temperature Change
E07000177,2°C,0.9,2.3,2.8,Winter Minimum Temperature Change
E07000178,2°C,1.0,1.9,2.3,Winter Minimum Temperature Change
E07000179,2°C,1.0,2.0,2.8,Winter Minimum Temperature Change
E07000180,2°C,0.8,1.8,2.5,Winter Minimum Temperature Change
E07000181,2°C,0.8,2.1,2.8,Winter Minimum Temperature Change
E07000192,2°C,1.1,2.4,3.9,Winter Minimum Temperature Change
E07000193,2°C,1.2,2.0,3.6,Winter Minimum Temperature Change
E07000194,2°C,0.9,2.1,3.5,Winter Minimum Temperature Change
E07000195,2°C,1.2,1.9,3.4,Winter Minimum Temperature Change
E07000196,2°C,1.0,2.0,3.8,Winter Minimum Temperature Change
E07000197,2°C,1.2,2.1,3.7,Winter Minimum Temperature Change
E07000198,2°C,0.9,2.4,3.9,Winter Minimum Temperature Change
E07000199,2°C,0.5,2.0,3.4,Winter Minimum Temperature Change
E07000200,2°C,1.1,2.2,3.0,Winter Minimum Temperature Change
E07000202,2°C,1.2,1.8,2.8,Winter Minimum Temperature Change
E07000203,2°C,1.2,2.2,3.4,Winter Minimum Temperature Change
E07000207,2°C,1.0,1.6,2.6,Winter Minimum Temperature Change
E07000208,2°C,1.2,2.0,2.6,Winter Minimum Temperature Change
E07000209,2°C,1.1,1.9,3.0,Winter Minimum Temperature Change
E07000210,2°C,1.3,2.0,3.0,Winter Minimum Temperature Change
E07000211,2°C,1.3,2.0,2.9,Winter Minimum Temperature Change
E07000212,2°C,0.8,1.8,2.6,Winter Minimum Temperature Change
E07000213,2°C,0.8,1.6,2.5,Winter Minimum Temperature Change
E07000214,2°C,0.8,1.9,3.0,Winter Minimum Temperature Change
E07000215,2°C,1.2,1.9,2.9,Winter Minimum Temperature Change
E07000216,2°C,1.1,2.0,2.8,Winter Minimum Temperature Change
E07000217,2°C,0.8,1.6,2.8,Winter Minimum Temperature Change
E07000218,2°C,0.7,1.8,3.6,Winter Minimum Temperature Change
E07000219,2°C,1.0,2.1,3.3,Winter Minimum Temperature Change
E07000220,2°C,1.0,2.0,2.9,Winter Minimum Temperature Change
E07000221,2°C,1.0,2.1,2.9,Winter Minimum Temperature Change
E07000222,2°C,1.0,2.1,2.9,Winter Minimum Temperature Change
E07000223,2°C,0.8,1.6,2.4,Winter Minimum Temperature Change
E07000224,2°C,0.7,1.8,2.4,Winter Minimum Temperature Change
E07000225,2°C,0.6,1.7,2.5,Winter Minimum Temperature Change
E07000226,2°C,0.9,1.8,3.0,Winter Minimum Temperature Change
E07000227,2°C,0.8,1.7,2.6,Winter Minimum Temperature Change
E07000228,2°C,1.0,1.7,2.5,Winter Minimum Temperature Change
E07000229,2°C,0.8,1.7,2.5,Winter Minimum Temperature Change
E07000234,2°C,1.2,2.1,3.4,Winter Minimum Temperature Change
E07000235,2°C,1.0,1.5,3.7,Winter Minimum Temperature Change
E07000236,2°C,1.1,1.8,3.1,Winter Minimum Temperature Change
E07000237,2°C,0.6,1.4,3.4,Winter Minimum Temperature Change
E07000238,2°C,0.8,1.7,3.1,Winter Minimum Temperature Change
E07000239,2°C,0.9,2.0,3.6,Winter Minimum Temperature Change
E07000240,2°C,0.9,2.1,3.0,Winter Minimum Temperature Change
E07000241,2°C,1.3,2.1,2.9,Winter Minimum Temperature Change
E07000242,2°C,1.0,2.2,3.4,Winter Minimum Temperature Change
E07000243,2°C,0.9,2.2,3.1,Winter Minimum Temperature Change
E07000244,2°C,1.2,1.9,3.2,Winter Minimum Temperature Change
E07000245,2°C,0.8,2.2,3.4,Winter Minimum Temperature Change
E08000001,2°C,1.0,2.1,3.6,Winter Minimum Temperature Change
E08000002,2°C,1.1,1.9,3.8,Winter Minimum Temperature Change
E08000003,2°C,0.7,1.7,3.5,Winter Minimum Temperature Change
E08000004,2°C,1.3,2.7,3.9,Winter Minimum Temperature Change
E08000005,2°C,1.2,2.3,3.8,Winter Minimum Temperature Change
E08000006,2°C,0.6,1.8,3.4,Winter Minimum Temperature Change
E08000007,2°C,1.0,2.1,3.5,Winter Minimum Temperature Change
E08000008,2°C,1.1,2.4,3.8,Winter Minimum Temperature Change
E08000009,2°C,0.7,1.6,3.3,Winter Minimum Temperature Change
E08000010,2°C,0.1,1.7,3.0,Winter Minimum Temperature Change
E08000011,2°C,0.8,2.1,3.2,Winter Minimum Temperature Change
E08000012,2°C,0.8,2.0,3.0,Winter Minimum Temperature Change
E08000013,2°C,0.8,2.0,3.2,Winter Minimum Temperature Change
E08000014,2°C,0.8,1.8,2.6,Winter Minimum Temperature Change
E08000015,2°C,0.9,1.8,2.7,Winter Minimum Temperature Change
E08000016,2°C,1.4,2.1,3.4,Winter Minimum Temperature Change
E08000017,2°C,1.0,1.8,3.8,Winter Minimum Temperature Change
E08000018,2°C,0.8,2.0,3.7,Winter Minimum Temperature Change
E08000019,2°C,1.4,2.3,3.6,Winter Minimum Temperature Change
E08000021,2°C,1.8,2.4,4.1,Winter Minimum Temperature Change
E08000022,2°C,1.7,2.3,3.8,Winter Minimum Temperature Change
E08000023,2°C,1.5,2.2,3.8,Winter Minimum Temperature Change
E08000024,2°C,1.6,2.4,3.9,Winter Minimum Temperature Change
E08000025,2°C,1.2,2.1,3.4,Winter Minimum Temperature Change
E08000026,2°C,0.8,2.0,3.2,Winter Minimum Temperature Change
E08000027,2°C,1.2,2.1,3.5,Winter Minimum Temperature Change
E08000028,2°C,1.5,2.1,3.6,Winter Minimum Temperature Change
E08000029,2°C,0.9,2.0,3.5,Winter Minimum Temperature Change
E08000030,2°C,1.3,2.2,3.9,Winter Minimum Temperature Change
E08000031,2°C,1.2,2.0,3.6,Winter Minimum Temperature Change
E08000032,2°C,1.5,2.5,4.0,Winter Minimum Temperature Change
E08000033,2°C,1.5,2.6,4.1,Winter Minimum Temperature Change
E08000034,2°C,1.6,2.3,3.7,Winter Minimum Temperature Change
E08000035,2°C,1.3,2.3,3.8,Winter Minimum Temperature Change
E08000036,2°C,1.1,1.9,3.6,Winter Minimum Temperature Change
E08000037,2°C,1.7,2.5,4.3,Winter Minimum Temperature Change
E09000001,2°C,1.0,1.6,2.6,Winter Minimum Temperature Change
E09000002,2°C,1.2,1.6,2.5,Winter Minimum Temperature Change
E09000003,2°C,1.2,1.9,2.7,Winter Minimum Temperature Change
E09000004,2°C,1.1,1.6,2.5,Winter Minimum Temperature Change
E09000005,2°C,0.9,1.8,2.4,Winter Minimum Temperature Change
E09000006,2°C,1.3,1.9,2.6,Winter Minimum Temperature Change
E09000007,2°C,1.1,1.7,2.5,Winter Minimum Temperature Change
E09000008,2°C,1.2,1.9,2.7,Winter Minimum Temperature Change
E09000009,2°C,0.9,1.7,2.4,Winter Minimum Temperature Change
E09000010,2°C,0.9,1.8,2.6,Winter Minimum Temperature Change
E09000011,2°C,1.2,1.7,2.5,Winter Minimum Temperature Change
E09000012,2°C,1.1,1.7,2.5,Winter Minimum Temperature Change
E09000013,2°C,1.0,1.6,2.5,Winter Minimum Temperature Change
E09000014,2°C,1.0,1.7,2.5,Winter Minimum Temperature Change
E09000015,2°C,1.1,1.9,2.7,Winter Minimum Temperature Change
E09000016,2°C,1.1,1.8,2.8,Winter Minimum Temperature Change
E09000017,2°C,0.9,1.8,2.4,Winter Minimum Temperature Change
E09000018,2°C,0.8,1.6,2.3,Winter Minimum Temperature Change
E09000019,2°C,1.1,1.7,2.5,Winter Minimum Temperature Change
E09000020,2°C,1.1,1.6,2.5,Winter Minimum Temperature Change
E09000021,2°C,1.0,1.6,2.3,Winter Minimum Temperature Change
E09000022,2°C,1.1,1.6,2.5,Winter Minimum Temperature Change
E09000023,2°C,1.1,1.7,2.5,Winter Minimum Temperature Change
E09000024,2°C,1.1,1.6,2.4,Winter Minimum Temperature Change
E09000025,2°C,1.2,1.6,2.5,Winter Minimum Temperature Change
E09000026,2°C,1.2,1.8,2.7,Winter Minimum Temperature Change
E09000027,2°C,0.8,1.5,2.3,Winter Minimum Temperature Change
E09000028,2°C,1.1,1.7,2.5,Winter Minimum Temperature Change
E09000029,2°C,1.1,1.8,2.6,Winter Minimum Temperature Change
E09000030,2°C,1.1,1.7,2.5,Winter Minimum Temperature Change
E09000031,2°C,1.1,1.7,2.5,Winter Minimum Temperature Change
E09000032,2°C,1.1,1.6,2.4,Winter Minimum Temperature Change
E09000033,2°C,1.1,1.6,2.5,Winter Minimum Temperature Change
N09000001,2°C,0.8,1.7,3.4,Winter Minimum Temperature Change
N09000002,2°C,0.9,1.7,3.3,Winter Minimum Temperature Change
N09000003,2°C,0.5,1.7,3.1,Winter Minimum Temperature Change
N09000004,2°C,0.8,1.9,2.9,Winter Minimum Temperature Change
N09000005,2°C,1.3,2.1,3.5,Winter Minimum Temperature Change
N09000006,2°C,1.1,2.1,3.7,Winter Minimum Temperature Change
N09000007,2°C,0.9,1.8,3.3,Winter Minimum Temperature Change
N09000008,2°C,0.8,1.8,3.2,Winter Minimum Temperature Change
N09000009,2°C,1.0,2.1,3.2,Winter Minimum Temperature Change
N09000010,2°C,0.8,1.5,3.1,Winter Minimum Temperature Change
N09000011,2°C,0.6,1.3,2.4,Winter Minimum Temperature Change
S12000005,2°C,1.0,2.9,4.7,Winter Minimum Temperature Change
S12000006,2°C,0.9,2.8,3.8,Winter Minimum Temperature Change
S12000008,2°C,1.0,2.8,4.5,Winter Minimum Temperature Change
S12000010,2°C,1.2,2.5,3.8,Winter Minimum Temperature Change
S12000011,2°C,0.1,2.8,4.6,Winter Minimum Temperature Change
S12000013,2°C,0.6,2.3,3.7,Winter Minimum Temperature Change
S12000014,2°C,0.6,2.5,4.2,Winter Minimum Temperature Change
S12000017,2°C,1.2,3.4,4.3,Winter Minimum Temperature Change
S12000018,2°C,0.6,2.8,4.2,Winter Minimum Temperature Change
S12000019,2°C,1.5,3.1,4.3,Winter Minimum Temperature Change
S12000020,2°C,1.6,3.7,4.3,Winter Minimum Temperature Change
S12000021,2°C,0.7,2.4,3.5,Winter Minimum Temperature Change
S12000023,2°C,1.1,2.7,3.5,Winter Minimum Temperature Change
S12000026,2°C,1.6,3.3,4.2,Winter Minimum Temperature Change
S12000027,2°C,0.8,2.5,3.3,Winter Minimum Temperature Change
S12000028,2°C,0.8,2.3,3.7,Winter Minimum Temperature Change
S12000029,2°C,1.2,3.2,4.2,Winter Minimum Temperature Change
S12000030,2°C,1.4,3.1,4.6,Winter Minimum Temperature Change
S12000033,2°C,2.2,3.4,4.7,Winter Minimum Temperature Change
S12000034,2°C,2.3,3.4,4.3,Winter Minimum Temperature Change
S12000035,2°C,0.9,2.6,3.7,Winter Minimum Temperature Change
S12000036,2°C,1.1,2.5,4.4,Winter Minimum Temperature Change
S12000038,2°C,0.2,2.8,4.3,Winter Minimum Temperature Change
S12000039,2°C,0.4,2.8,4.3,Winter Minimum Temperature Change
S12000040,2°C,1.2,2.8,4.4,Winter Minimum Temperature Change
S12000041,2°C,2.0,3.0,3.8,Winter Minimum Temperature Change
S12000042,2°C,1.5,2.7,4.0,Winter Minimum Temperature Change
S12000045,2°C,0.3,3.3,4.7,Winter Minimum Temperature Change
S12000047,2°C,1.2,2.5,3.9,Winter Minimum Temperature Change
S12000048,2°C,1.5,3.3,4.3,Winter Minimum Temperature Change
S12000049,2°C,0.4,2.7,4.1,Winter Minimum Temperature Change
S12000050,2°C,0.8,3.1,4.7,Winter Minimum Temperature Change
W06000001,2°C,0.6,1.5,2.2,Winter Minimum Temperature Change
W06000002,2°C,1.3,2.2,3.4,Winter Minimum Temperature Change
W06000003,2°C,1.3,2.4,3.5,Winter Minimum Temperature Change
W06000004,2°C,1.4,2.4,4.0,Winter Minimum Temperature Change
W06000005,2°C,1.5,2.0,3.4,Winter Minimum Temperature Change
W06000006,2°C,1.4,2.2,3.7,Winter Minimum Temperature Change
W06000008,2°C,1.2,2.1,3.1,Winter Minimum Temperature Change
W06000009,2°C,0.9,1.8,2.4,Winter Minimum Temperature Change
W06000010,2°C,1.1,2.0,3.4,Winter Minimum Temperature Change
W06000011,2°C,1.0,1.6,2.5,Winter Minimum Temperature Change
W06000012,2°C,1.2,1.9,3.2,Winter Minimum Temperature Change
W06000013,2°C,1.0,1.9,3.0,Winter Minimum Temperature Change
W06000014,2°C,1.0,1.6,2.5,Winter Minimum Temperature Change
W06000015,2°C,0.9,1.6,2.5,Winter Minimum Temperature Change
W06000016,2°C,1.4,1.9,3.6,Winter Minimum Temperature Change
W06000018,2°C,1.3,2.1,3.5,Winter Minimum Temperature Change
W06000019,2°C,1.0,2.2,4.1,Winter Minimum Temperature Change
W06000020,2°C,1.1,2.0,3.7,Winter Minimum Temperature Change
W06000021,2°C,1.1,1.8,3.2,Winter Minimum Temperature Change
W06000022,2°C,1.1,1.8,2.6,Winter Minimum Temperature Change
W06000023,2°C,1.5,2.0,4.3,Winter Minimum Temperature Change
W06000024,2°C,1.2,2.5,4.1,Winter Minimum Temperature Change
E12000007,2°C,1.2,1.7,2.6,Winter Minimum Temperature Change
E47000001,2.5°C,1.2,2.1,4.3,Winter Minimum Temperature Change
E47000002,2.5°C,1.5,2.4,3.8,Winter Minimum Temperature Change
E47000003,2.5°C,1.5,2.8,4.2,Winter Minimum Temperature Change
E47000004,2.5°C,1.2,2.0,3.3,Winter Minimum Temperature Change
E47000006,2.5°C,1.7,2.8,4.4,Winter Minimum Temperature Change
E47000007,2.5°C,1.4,2.3,4.1,Winter Minimum Temperature Change
E47000008,2.5°C,1.6,2.3,3.7,Winter Minimum Temperature Change
E47000009,2.5°C,1.0,2.1,3.0,Winter Minimum Temperature Change
E47000010,2.5°C,1.7,3.3,5.0,Winter Minimum Temperature Change
E47000011,2.5°C,1.8,3.5,5.1,Winter Minimum Temperature Change
E10000003,2.5°C,1.5,2.3,3.7,Winter Minimum Temperature Change
E10000007,2.5°C,1.5,2.8,4.6,Winter Minimum Temperature Change
E10000008,2.5°C,1.0,2.2,3.2,Winter Minimum Temperature Change
E10000011,2.5°C,1.5,2.2,2.9,Winter Minimum Temperature Change
E10000012,2.5°C,1.6,2.3,3.8,Winter Minimum Temperature Change
E10000013,2.5°C,1.4,2.3,3.1,Winter Minimum Temperature Change
E10000014,2.5°C,1.0,2.2,2.8,Winter Minimum Temperature Change
E10000015,2.5°C,1.3,2.5,3.7,Winter Minimum Temperature Change
E10000016,2.5°C,1.6,2.4,3.4,Winter Minimum Temperature Change
E10000017,2.5°C,1.3,2.2,3.9,Winter Minimum Temperature Change
E10000018,2.5°C,1.5,2.6,3.9,Winter Minimum Temperature Change
E10000019,2.5°C,1.4,2.4,3.9,Winter Minimum Temperature Change
E10000020,2.5°C,1.4,2.4,4.0,Winter Minimum Temperature Change
E10000024,2.5°C,1.3,2.2,3.9,Winter Minimum Temperature Change
E10000025,2.5°C,1.2,2.4,3.0,Winter Minimum Temperature Change
E10000028,2.5°C,1.4,2.6,4.1,Winter Minimum Temperature Change
E10000029,2.5°C,1.5,2.4,3.9,Winter Minimum Temperature Change
E10000030,2.5°C,1.3,2.2,3.3,Winter Minimum Temperature Change
E10000031,2.5°C,1.4,2.2,3.7,Winter Minimum Temperature Change
E10000032,2.5°C,1.2,2.1,3.0,Winter Minimum Temperature Change
E10000034,2.5°C,1.2,1.9,3.4,Winter Minimum Temperature Change
E06000001,2.5°C,1.6,2.5,4.2,Winter Minimum Temperature Change
E06000002,2.5°C,1.8,2.9,4.4,Winter Minimum Temperature Change
E06000003,2.5°C,1.5,2.6,4.0,Winter Minimum Temperature Change
E06000004,2.5°C,1.8,2.8,4.6,Winter Minimum Temperature Change
E06000005,2.5°C,1.7,2.8,4.8,Winter Minimum Temperature Change
E06000006,2.5°C,1.1,1.9,3.6,Winter Minimum Temperature Change
E06000007,2.5°C,1.0,1.9,3.5,Winter Minimum Temperature Change
E06000008,2.5°C,1.5,2.6,4.5,Winter Minimum Temperature Change
E06000009,2.5°C,0.6,1.8,2.9,Winter Minimum Temperature Change
E06000010,2.5°C,1.4,2.8,3.9,Winter Minimum Temperature Change
E06000011,2.5°C,1.2,2.7,4.4,Winter Minimum Temperature Change
E06000012,2.5°C,1.1,2.6,3.8,Winter Minimum Temperature Change
E06000013,2.5°C,1.2,2.4,3.9,Winter Minimum Temperature Change
E06000014,2.5°C,1.4,2.4,4.3,Winter Minimum Temperature Change
E06000015,2.5°C,1.1,2.4,3.6,Winter Minimum Temperature Change
E06000016,2.5°C,1.5,2.5,3.6,Winter Minimum Temperature Change
E06000017,2.5°C,1.2,2.8,4.0,Winter Minimum Temperature Change
E06000018,2.5°C,1.3,2.0,3.5,Winter Minimum Temperature Change
E06000019,2.5°C,1.2,2.1,3.7,Winter Minimum Temperature Change
E06000020,2.5°C,1.5,2.3,4.0,Winter Minimum Temperature Change
E06000021,2.5°C,1.4,2.3,4.5,Winter Minimum Temperature Change
E06000022,2.5°C,0.9,2.2,3.0,Winter Minimum Temperature Change
E06000023,2.5°C,0.9,1.8,2.9,Winter Minimum Temperature Change
E06000024,2.5°C,0.9,2.0,2.9,Winter Minimum Temperature Change
E06000025,2.5°C,1.0,2.0,3.1,Winter Minimum Temperature Change
E06000026,2.5°C,1.0,1.9,2.9,Winter Minimum Temperature Change
E06000027,2.5°C,1.1,1.7,2.8,Winter Minimum Temperature Change
E06000030,2.5°C,0.9,2.4,3.1,Winter Minimum Temperature Change
E06000031,2.5°C,1.2,2.4,3.6,Winter Minimum Temperature Change
E06000032,2.5°C,1.3,2.7,3.7,Winter Minimum Temperature Change
E06000033,2.5°C,1.6,2.2,3.4,Winter Minimum Temperature Change
E06000034,2.5°C,1.5,2.2,3.0,Winter Minimum Temperature Change
E06000035,2.5°C,1.6,2.3,3.2,Winter Minimum Temperature Change
E06000036,2.5°C,1.1,2.1,3.0,Winter Minimum Temperature Change
E06000037,2.5°C,0.8,2.5,3.2,Winter Minimum Temperature Change
E06000038,2.5°C,1.1,2.0,3.0,Winter Minimum Temperature Change
E06000039,2.5°C,1.3,2.0,2.8,Winter Minimum Temperature Change
E06000040,2.5°C,1.2,2.0,2.9,Winter Minimum Temperature Change
E06000041,2.5°C,1.1,2.0,2.9,Winter Minimum Temperature Change
E06000042,2.5°C,1.3,2.6,3.5,Winter Minimum Temperature Change
E06000043,2.5°C,1.4,2.1,2.9,Winter Minimum Temperature Change
E06000044,2.5°C,1.0,1.8,2.4,Winter Minimum Temperature Change
E06000045,2.5°C,1.0,1.9,2.4,Winter Minimum Temperature Change
E06000046,2.5°C,1.0,1.9,2.5,Winter Minimum Temperature Change
E06000047,2.5°C,1.8,3.4,5.1,Winter Minimum Temperature Change
E06000049,2.5°C,1.3,2.3,4.0,Winter Minimum Temperature Change
E06000050,2.5°C,1.3,2.2,4.0,Winter Minimum Temperature Change
E06000051,2.5°C,1.7,2.7,4.3,Winter Minimum Temperature Change
E06000052,2.5°C,0.9,2.0,3.3,Winter Minimum Temperature Change
E06000053,2.5°C,0.7,1.3,1.9,Winter Minimum Temperature Change
E06000054,2.5°C,1.0,2.5,3.1,Winter Minimum Temperature Change
E06000055,2.5°C,1.6,2.6,3.6,Winter Minimum Temperature Change
E06000056,2.5°C,1.4,2.4,3.7,Winter Minimum Temperature Change
E06000057,2.5°C,1.8,3.5,5.1,Winter Minimum Temperature Change
E06000058,2.5°C,0.9,2.0,2.4,Winter Minimum Temperature Change
E06000059,2.5°C,1.2,2.3,2.9,Winter Minimum Temperature Change
E06000060,2.5°C,1.2,2.5,3.6,Winter Minimum Temperature Change
E06000061,2.5°C,1.2,2.6,4.0,Winter Minimum Temperature Change
E06000062,2.5°C,1.4,2.7,3.7,Winter Minimum Temperature Change
E06000063,2.5°C,1.4,2.7,4.0,Winter Minimum Temperature Change
E06000064,2.5°C,1.8,3.3,4.8,Winter Minimum Temperature Change
E06000065,2.5°C,1.7,3.0,4.8,Winter Minimum Temperature Change
E06000066,2.5°C,1.1,2.3,2.9,Winter Minimum Temperature Change
E07000008,2.5°C,1.3,2.3,3.8,Winter Minimum Temperature Change
E07000009,2.5°C,1.6,2.3,3.9,Winter Minimum Temperature Change
E07000010,2.5°C,1.3,2.4,3.5,Winter Minimum Temperature Change
E07000011,2.5°C,1.4,2.4,3.5,Winter Minimum Temperature Change
E07000012,2.5°C,1.4,2.3,3.8,Winter Minimum Temperature Change
E07000032,2.5°C,1.1,2.4,4.2,Winter Minimum Temperature Change
E07000033,2.5°C,1.5,2.6,4.4,Winter Minimum Temperature Change
E07000034,2.5°C,1.3,2.7,4.4,Winter Minimum Temperature Change
E07000035,2.5°C,1.6,3.0,4.8,Winter Minimum Temperature Change
E07000036,2.5°C,1.0,2.2,3.8,Winter Minimum Temperature Change
E07000037,2.5°C,1.6,3.3,5.1,Winter Minimum Temperature Change
E07000038,2.5°C,1.6,2.9,4.6,Winter Minimum Temperature Change
E07000039,2.5°C,1.2,2.5,3.8,Winter Minimum Temperature Change
E07000040,2.5°C,1.1,2.3,2.9,Winter Minimum Temperature Change
E07000041,2.5°C,0.6,2.0,2.7,Winter Minimum Temperature Change
E07000042,2.5°C,0.9,2.2,3.3,Winter Minimum Temperature Change
E07000043,2.5°C,0.9,2.1,3.2,Winter Minimum Temperature Change
E07000044,2.5°C,1.1,1.9,3.1,Winter Minimum Temperature Change
E07000045,2.5°C,0.8,2.2,3.0,Winter Minimum Temperature Change
E07000046,2.5°C,0.8,2.1,3.2,Winter Minimum Temperature Change
E07000047,2.5°C,1.0,2.3,3.5,Winter Minimum Temperature Change
E07000061,2.5°C,1.5,2.0,2.8,Winter Minimum Temperature Change
E07000062,2.5°C,1.6,2.2,3.1,Winter Minimum Temperature Change
E07000063,2.5°C,1.4,2.1,2.9,Winter Minimum Temperature Change
E07000064,2.5°C,1.5,2.1,3.0,Winter Minimum Temperature Change
E07000065,2.5°C,1.5,2.2,3.0,Winter Minimum Temperature Change
E07000066,2.5°C,1.6,2.2,3.2,Winter Minimum Temperature Change
E07000067,2.5°C,1.5,2.4,3.9,Winter Minimum Temperature Change
E07000068,2.5°C,1.6,2.4,3.7,Winter Minimum Temperature Change
E07000069,2.5°C,1.5,2.2,3.2,Winter Minimum Temperature Change
E07000070,2.5°C,1.7,2.2,3.8,Winter Minimum Temperature Change
E07000071,2.5°C,1.5,2.2,3.4,Winter Minimum Temperature Change
E07000072,2.5°C,1.3,2.4,3.7,Winter Minimum Temperature Change
E07000073,2.5°C,1.3,2.4,3.8,Winter Minimum Temperature Change
E07000074,2.5°C,1.6,2.1,3.4,Winter Minimum Temperature Change
E07000075,2.5°C,1.5,2.1,3.3,Winter Minimum Temperature Change
E07000076,2.5°C,1.5,2.2,3.3,Winter Minimum Temperature Change
E07000077,2.5°C,1.4,2.5,4.2,Winter Minimum Temperature Change
E07000078,2.5°C,1.1,2.2,3.1,Winter Minimum Temperature Change
E07000079,2.5°C,1.5,2.5,3.4,Winter Minimum Temperature Change
E07000080,2.5°C,1.3,2.2,3.1,Winter Minimum Temperature Change
E07000081,2.5°C,0.9,1.9,2.9,Winter Minimum Temperature Change
E07000082,2.5°C,1.3,2.3,3.2,Winter Minimum Temperature Change
E07000083,2.5°C,1.2,2.1,3.0,Winter Minimum Temperature Change
E07000084,2.5°C,1.0,2.3,3.2,Winter Minimum Temperature Change
E07000085,2.5°C,0.8,2.4,3.4,Winter Minimum Temperature Change
E07000086,2.5°C,0.8,1.7,2.4,Winter Minimum Temperature Change
E07000087,2.5°C,0.8,1.8,2.3,Winter Minimum Temperature Change
E07000088,2.5°C,1.0,1.9,2.4,Winter Minimum Temperature Change
E07000089,2.5°C,1.2,2.2,3.4,Winter Minimum Temperature Change
E07000090,2.5°C,1.1,1.8,2.6,Winter Minimum Temperature Change
E07000091,2.5°C,1.1,2.0,2.5,Winter Minimum Temperature Change
E07000092,2.5°C,1.2,2.2,3.3,Winter Minimum Temperature Change
E07000093,2.5°C,1.0,2.3,2.9,Winter Minimum Temperature Change
E07000094,2.5°C,0.8,2.1,2.8,Winter Minimum Temperature Change
E07000095,2.5°C,1.3,2.3,3.2,Winter Minimum Temperature Change
E07000096,2.5°C,1.4,2.5,3.8,Winter Minimum Temperature Change
E07000098,2.5°C,1.4,2.4,3.3,Winter Minimum Temperature Change
E07000099,2.5°C,1.4,2.6,3.8,Winter Minimum Temperature Change
E07000102,2.5°C,1.2,2.2,3.3,Winter Minimum Temperature Change
E07000103,2.5°C,1.2,2.2,3.2,Winter Minimum Temperature Change
E07000105,2.5°C,1.6,2.3,3.7,Winter Minimum Temperature Change
E07000106,2.5°C,1.6,2.4,3.5,Winter Minimum Temperature Change
E07000107,2.5°C,1.4,2.2,2.9,Winter Minimum Temperature Change
E07000108,2.5°C,1.5,2.3,3.4,Winter Minimum Temperature Change
E07000109,2.5°C,1.6,2.3,3.2,Winter Minimum Temperature Change
E07000110,2.5°C,1.5,2.5,3.7,Winter Minimum Temperature Change
E07000111,2.5°C,1.7,2.5,3.3,Winter Minimum Temperature Change
E07000112,2.5°C,1.8,2.1,3.5,Winter Minimum Temperature Change
E07000113,2.5°C,1.6,2.5,3.3,Winter Minimum Temperature Change
E07000114,2.5°C,1.5,2.0,3.1,Winter Minimum Temperature Change
E07000115,2.5°C,1.4,2.3,3.5,Winter Minimum Temperature Change
E07000116,2.5°C,1.4,2.3,3.2,Winter Minimum Temperature Change
E07000117,2.5°C,1.3,3.0,4.8,Winter Minimum Temperature Change
E07000118,2.5°C,1.3,2.0,3.7,Winter Minimum Temperature Change
E07000119,2.5°C,0.7,1.9,3.2,Winter Minimum Temperature Change
E07000120,2.5°C,1.4,2.6,4.4,Winter Minimum Temperature Change
E07000121,2.5°C,1.3,2.1,3.8,Winter Minimum Temperature Change
E07000122,2.5°C,1.5,3.1,4.8,Winter Minimum Temperature Change
E07000123,2.5°C,1.3,1.9,3.8,Winter Minimum Temperature Change
E07000124,2.5°C,1.4,2.7,4.4,Winter Minimum Temperature Change
E07000125,2.5°C,1.5,3.2,4.8,Winter Minimum Temperature Change
E07000126,2.5°C,1.0,1.8,3.4,Winter Minimum Temperature Change
E07000127,2.5°C,1.0,1.8,3.2,Winter Minimum Temperature Change
E07000128,2.5°C,1.1,1.8,3.5,Winter Minimum Temperature Change
E07000129,2.5°C,1.1,2.5,3.8,Winter Minimum Temperature Change
E07000130,2.5°C,1.6,2.7,3.8,Winter Minimum Temperature Change
E07000131,2.5°C,1.3,2.7,4.0,Winter Minimum Temperature Change
E07000132,2.5°C,1.2,2.2,4.0,Winter Minimum Temperature Change
E07000133,2.5°C,1.5,2.6,4.1,Winter Minimum Temperature Change
E07000134,2.5°C,1.4,2.7,3.9,Winter Minimum Temperature Change
E07000135,2.5°C,1.2,2.6,4.0,Winter Minimum Temperature Change
E07000136,2.5°C,1.1,2.3,3.8,Winter Minimum Temperature Change
E07000137,2.5°C,1.4,2.4,4.1,Winter Minimum Temperature Change
E07000138,2.5°C,1.4,2.0,3.9,Winter Minimum Temperature Change
E07000139,2.5°C,1.3,2.2,3.9,Winter Minimum Temperature Change
E07000140,2.5°C,1.3,2.3,3.3,Winter Minimum Temperature Change
E07000141,2.5°C,1.3,2.5,3.9,Winter Minimum Temperature Change
E07000142,2.5°C,1.3,2.4,4.0,Winter Minimum Temperature Change
E07000143,2.5°C,1.4,2.4,4.1,Winter Minimum Temperature Change
E07000144,2.5°C,1.2,2.4,4.1,Winter Minimum Temperature Change
E07000145,2.5°C,1.6,2.3,4.0,Winter Minimum Temperature Change
E07000146,2.5°C,1.4,2.2,3.7,Winter Minimum Temperature Change
E07000147,2.5°C,1.4,2.4,4.0,Winter Minimum Temperature Change
E07000148,2.5°C,1.2,2.3,4.2,Winter Minimum Temperature Change
E07000149,2.5°C,1.7,2.5,4.3,Winter Minimum Temperature Change
E07000170,2.5°C,1.3,2.5,4.4,Winter Minimum Temperature Change
E07000171,2.5°C,1.3,2.2,4.1,Winter Minimum Temperature Change
E07000172,2.5°C,1.0,2.1,3.7,Winter Minimum Temperature Change
E07000173,2.5°C,1.4,2.2,3.8,Winter Minimum Temperature Change
E07000174,2.5°C,1.5,2.7,4.1,Winter Minimum Temperature Change
E07000175,2.5°C,1.3,2.1,3.8,Winter Minimum Temperature Change
E07000176,2.5°C,1.2,2.2,3.3,Winter Minimum Temperature Change
E07000177,2.5°C,1.2,2.5,3.3,Winter Minimum Temperature Change
E07000178,2.5°C,1.2,2.2,2.6,Winter Minimum Temperature Change
E07000179,2.5°C,1.3,2.4,3.1,Winter Minimum Temperature Change
E07000180,2.5°C,1.0,2.2,2.6,Winter Minimum Temperature Change
E07000181,2.5°C,1.2,2.4,3.2,Winter Minimum Temperature Change
E07000192,2.5°C,1.3,3.0,4.1,Winter Minimum Temperature Change
E07000193,2.5°C,1.2,2.5,4.0,Winter Minimum Temperature Change
E07000194,2.5°C,1.3,2.5,3.9,Winter Minimum Temperature Change
E07000195,2.5°C,1.5,2.4,4.2,Winter Minimum Temperature Change
E07000196,2.5°C,1.5,2.3,3.9,Winter Minimum Temperature Change
E07000197,2.5°C,1.4,2.3,3.9,Winter Minimum Temperature Change
E07000198,2.5°C,1.7,3.0,4.9,Winter Minimum Temperature Change
E07000199,2.5°C,0.4,2.2,3.6,Winter Minimum Temperature Change
E07000200,2.5°C,1.3,2.4,3.6,Winter Minimum Temperature Change
E07000202,2.5°C,1.3,2.2,3.4,Winter Minimum Temperature Change
E07000203,2.5°C,1.6,2.4,4.0,Winter Minimum Temperature Change
E07000207,2.5°C,1.2,2.0,3.0,Winter Minimum Temperature Change
E07000208,2.5°C,1.3,2.3,3.0,Winter Minimum Temperature Change
E07000209,2.5°C,1.1,2.2,3.3,Winter Minimum Temperature Change
E07000210,2.5°C,1.4,2.4,3.3,Winter Minimum Temperature Change
E07000211,2.5°C,1.5,2.4,3.4,Winter Minimum Temperature Change
E07000212,2.5°C,1.1,2.0,2.9,Winter Minimum Temperature Change
E07000213,2.5°C,1.2,1.9,2.8,Winter Minimum Temperature Change
E07000214,2.5°C,1.2,2.1,3.2,Winter Minimum Temperature Change
E07000215,2.5°C,1.6,2.4,3.3,Winter Minimum Temperature Change
E07000216,2.5°C,1.2,2.2,3.2,Winter Minimum Temperature Change
E07000217,2.5°C,1.1,1.9,2.9,Winter Minimum Temperature Change
E07000218,2.5°C,1.2,2.1,3.9,Winter Minimum Temperature Change
E07000219,2.5°C,1.4,2.2,3.7,Winter Minimum Temperature Change
E07000220,2.5°C,1.5,2.2,3.6,Winter Minimum Temperature Change
E07000221,2.5°C,1.3,2.3,3.6,Winter Minimum Temperature Change
E07000222,2.5°C,1.4,2.2,3.7,Winter Minimum Temperature Change
E07000223,2.5°C,1.3,2.1,2.8,Winter Minimum Temperature Change
E07000224,2.5°C,1.3,2.1,2.7,Winter Minimum Temperature Change
E07000225,2.5°C,1.0,2.2,3.0,Winter Minimum Temperature Change
E07000226,2.5°C,1.3,2.2,3.4,Winter Minimum Temperature Change
E07000227,2.5°C,1.3,2.0,2.9,Winter Minimum Temperature Change
E07000228,2.5°C,1.5,2.1,3.1,Winter Minimum Temperature Change
E07000229,2.5°C,1.4,2.1,2.8,Winter Minimum Temperature Change
E07000234,2.5°C,1.6,2.3,4.2,Winter Minimum Temperature Change
E07000235,2.5°C,1.1,1.9,3.6,Winter Minimum Temperature Change
E07000236,2.5°C,1.3,2.1,4.0,Winter Minimum Temperature Change
E07000237,2.5°C,0.6,1.6,3.3,Winter Minimum Temperature Change
E07000238,2.5°C,1.1,1.7,3.1,Winter Minimum Temperature Change
E07000239,2.5°C,0.8,2.0,3.7,Winter Minimum Temperature Change
E07000240,2.5°C,1.4,2.4,3.4,Winter Minimum Temperature Change
E07000241,2.5°C,1.3,2.4,3.4,Winter Minimum Temperature Change
E07000242,2.5°C,1.2,2.5,3.9,Winter Minimum Temperature Change
E07000243,2.5°C,1.3,2.5,3.9,Winter Minimum Temperature Change
E07000244,2.5°C,1.5,2.3,4.0,Winter Minimum Temperature Change
E07000245,2.5°C,1.5,2.4,3.9,Winter Minimum Temperature Change
E08000001,2.5°C,1.3,2.3,4.1,Winter Minimum Temperature Change
E08000002,2.5°C,1.5,2.2,4.3,Winter Minimum Temperature Change
E08000003,2.5°C,0.8,1.8,3.8,Winter Minimum Temperature Change
E08000004,2.5°C,1.2,2.9,4.6,Winter Minimum Temperature Change
E08000005,2.5°C,1.3,2.7,4.7,Winter Minimum Temperature Change
E08000006,2.5°C,0.8,1.6,3.7,Winter Minimum Temperature Change
E08000007,2.5°C,1.2,2.4,4.0,Winter Minimum Temperature Change
E08000008,2.5°C,1.4,2.7,4.6,Winter Minimum Temperature Change
E08000009,2.5°C,0.8,1.8,3.6,Winter Minimum Temperature Change
E08000010,2.5°C,0.8,1.8,3.5,Winter Minimum Temperature Change
E08000011,2.5°C,1.1,2.1,3.6,Winter Minimum Temperature Change
E08000012,2.5°C,0.9,2.0,3.3,Winter Minimum Temperature Change
E08000013,2.5°C,1.1,2.1,3.5,Winter Minimum Temperature Change
E08000014,2.5°C,1.1,2.0,3.0,Winter Minimum Temperature Change
E08000015,2.5°C,1.4,2.1,3.2,Winter Minimum Temperature Change
E08000016,2.5°C,1.5,2.5,3.8,Winter Minimum Temperature Change
E08000017,2.5°C,1.1,2.1,3.7,Winter Minimum Temperature Change
E08000018,2.5°C,1.5,2.3,3.8,Winter Minimum Temperature Change
E08000019,2.5°C,1.8,3.1,4.2,Winter Minimum Temperature Change
E08000021,2.5°C,1.5,2.7,4.8,Winter Minimum Temperature Change
E08000022,2.5°C,1.4,2.6,4.3,Winter Minimum Temperature Change
E08000023,2.5°C,1.4,2.5,4.2,Winter Minimum Temperature Change
E08000024,2.5°C,1.5,2.7,4.4,Winter Minimum Temperature Change
E08000025,2.5°C,1.3,2.4,4.1,Winter Minimum Temperature Change
E08000026,2.5°C,1.2,2.2,3.7,Winter Minimum Temperature Change
E08000027,2.5°C,1.6,2.3,4.2,Winter Minimum Temperature Change
E08000028,2.5°C,1.5,2.5,4.2,Winter Minimum Temperature Change
E08000029,2.5°C,1.1,2.2,3.9,Winter Minimum Temperature Change
E08000030,2.5°C,1.4,2.8,4.2,Winter Minimum Temperature Change
E08000031,2.5°C,1.6,2.4,4.0,Winter Minimum Temperature Change
E08000032,2.5°C,1.7,3.2,4.5,Winter Minimum Temperature Change
E08000033,2.5°C,1.8,3.1,4.7,Winter Minimum Temperature Change
E08000034,2.5°C,1.6,2.9,4.2,Winter Minimum Temperature Change
E08000035,2.5°C,1.1,2.7,4.2,Winter Minimum Temperature Change
E08000036,2.5°C,1.1,2.2,3.7,Winter Minimum Temperature Change
E08000037,2.5°C,1.5,2.9,4.8,Winter Minimum Temperature Change
E09000001,2.5°C,1.4,2.2,2.9,Winter Minimum Temperature Change
E09000002,2.5°C,1.6,2.2,2.8,Winter Minimum Temperature Change
E09000003,2.5°C,1.4,2.3,3.0,Winter Minimum Temperature Change
E09000004,2.5°C,1.5,2.1,2.9,Winter Minimum Temperature Change
E09000005,2.5°C,1.3,1.9,2.8,Winter Minimum Temperature Change
E09000006,2.5°C,1.5,2.4,3.2,Winter Minimum Temperature Change
E09000007,2.5°C,1.6,2.1,2.9,Winter Minimum Temperature Change
E09000008,2.5°C,1.4,2.5,3.2,Winter Minimum Temperature Change
E09000009,2.5°C,1.2,1.8,2.7,Winter Minimum Temperature Change
E09000010,2.5°C,1.3,2.1,3.0,Winter Minimum Temperature Change
E09000011,2.5°C,1.5,2.2,2.9,Winter Minimum Temperature Change
E09000012,2.5°C,1.5,2.1,2.8,Winter Minimum Temperature Change
E09000013,2.5°C,1.6,1.9,2.7,Winter Minimum Temperature Change
E09000014,2.5°C,1.6,2.0,2.8,Winter Minimum Temperature Change
E09000015,2.5°C,1.2,2.1,3.1,Winter Minimum Temperature Change
E09000016,2.5°C,1.5,2.3,3.2,Winter Minimum Temperature Change
E09000017,2.5°C,1.1,1.9,2.7,Winter Minimum Temperature Change
E09000018,2.5°C,1.2,1.8,2.7,Winter Minimum Temperature Change
E09000019,2.5°C,1.5,2.1,2.8,Winter Minimum Temperature Change
E09000020,2.5°C,1.5,2.0,2.7,Winter Minimum Temperature Change
E09000021,2.5°C,1.3,2.0,2.8,Winter Minimum Temperature Change
E09000022,2.5°C,1.5,2.2,2.8,Winter Minimum Temperature Change
E09000023,2.5°C,1.5,2.2,2.8,Winter Minimum Temperature Change
E09000024,2.5°C,1.4,2.1,2.7,Winter Minimum Temperature Change
E09000025,2.5°C,1.6,2.1,2.8,Winter Minimum Temperature Change
E09000026,2.5°C,1.5,2.2,3.0,Winter Minimum Temperature Change
E09000027,2.5°C,1.3,1.9,2.6,Winter Minimum Temperature Change
E09000028,2.5°C,1.5,2.2,2.9,Winter Minimum Temperature Change
E09000029,2.5°C,1.4,2.3,2.9,Winter Minimum Temperature Change
E09000030,2.5°C,1.5,2.2,2.9,Winter Minimum Temperature Change
E09000031,2.5°C,1.4,2.1,2.9,Winter Minimum Temperature Change
E09000032,2.5°C,1.5,2.0,2.7,Winter Minimum Temperature Change
E09000033,2.5°C,1.5,2.0,2.8,Winter Minimum Temperature Change
N09000001,2.5°C,1.2,1.9,3.8,Winter Minimum Temperature Change
N09000002,2.5°C,1.2,1.6,3.7,Winter Minimum Temperature Change
N09000003,2.5°C,0.9,1.8,3.5,Winter Minimum Temperature Change
N09000004,2.5°C,1.2,2.1,3.8,Winter Minimum Temperature Change
N09000005,2.5°C,1.3,2.5,4.6,Winter Minimum Temperature Change
N09000006,2.5°C,1.1,2.3,4.7,Winter Minimum Temperature Change
N09000007,2.5°C,1.1,1.9,3.7,Winter Minimum Temperature Change
N09000008,2.5°C,0.9,2.1,3.9,Winter Minimum Temperature Change
N09000009,2.5°C,1.4,2.0,4.2,Winter Minimum Temperature Change
N09000010,2.5°C,1.1,1.6,3.4,Winter Minimum Temperature Change
N09000011,2.5°C,0.6,1.4,2.6,Winter Minimum Temperature Change
S12000005,2.5°C,1.6,3.3,5.2,Winter Minimum Temperature Change
S12000006,2.5°C,1.3,2.8,4.5,Winter Minimum Temperature Change
S12000008,2.5°C,1.4,2.9,5.0,Winter Minimum Temperature Change
S12000010,2.5°C,1.2,2.7,4.1,Winter Minimum Temperature Change
S12000011,2.5°C,1.5,3.0,5.2,Winter Minimum Temperature Change
S12000013,2.5°C,0.9,2.8,4.6,Winter Minimum Temperature Change
S12000014,2.5°C,0.9,2.7,4.6,Winter Minimum Temperature Change
S12000017,2.5°C,2.0,3.8,5.4,Winter Minimum Temperature Change
S12000018,2.5°C,1.3,2.6,4.7,Winter Minimum Temperature Change
S12000019,2.5°C,1.7,3.9,4.7,Winter Minimum Temperature Change
S12000020,2.5°C,2.3,3.7,5.1,Winter Minimum Temperature Change
S12000021,2.5°C,1.0,2.3,4.1,Winter Minimum Temperature Change
S12000023,2.5°C,1.4,2.9,4.3,Winter Minimum Temperature Change
S12000026,2.5°C,1.9,4.1,5.3,Winter Minimum Temperature Change
S12000027,2.5°C,1.2,3.1,4.0,Winter Minimum Temperature Change
S12000028,2.5°C,0.9,2.3,4.0,Winter Minimum Temperature Change
S12000029,2.5°C,1.9,3.7,4.9,Winter Minimum Temperature Change
S12000030,2.5°C,2.1,3.6,5.4,Winter Minimum Temperature Change
S12000033,2.5°C,2.2,3.7,5.2,Winter Minimum Temperature Change
S12000034,2.5°C,2.3,3.9,5.3,Winter Minimum Temperature Change
S12000035,2.5°C,1.4,2.9,4.4,Winter Minimum Temperature Change
S12000036,2.5°C,1.1,2.8,4.7,Winter Minimum Temperature Change
S12000038,2.5°C,0.9,2.7,4.6,Winter Minimum Temperature Change
S12000039,2.5°C,0.8,2.7,5.1,Winter Minimum Temperature Change
S12000040,2.5°C,1.7,3.7,5.1,Winter Minimum Temperature Change
S12000041,2.5°C,2.1,3.6,5.2,Winter Minimum Temperature Change
S12000042,2.5°C,1.5,2.9,4.7,Winter Minimum Temperature Change
S12000045,2.5°C,1.1,3.4,5.4,Winter Minimum Temperature Change
S12000047,2.5°C,1.2,2.7,4.8,Winter Minimum Temperature Change
S12000048,2.5°C,2.4,3.8,5.5,Winter Minimum Temperature Change
S12000049,2.5°C,0.9,2.5,4.4,Winter Minimum Temperature Change
S12000050,2.5°C,1.7,3.6,5.4,Winter Minimum Temperature Change
W06000001,2.5°C,1.1,1.7,2.8,Winter Minimum Temperature Change
W06000002,2.5°C,1.9,2.7,4.1,Winter Minimum Temperature Change
W06000003,2.5°C,2.0,3.0,4.3,Winter Minimum Temperature Change
W06000004,2.5°C,2.0,3.0,4.3,Winter Minimum Temperature Change
W06000005,2.5°C,1.8,2.6,3.8,Winter Minimum Temperature Change
W06000006,2.5°C,1.9,2.8,3.9,Winter Minimum Temperature Change
W06000008,2.5°C,1.7,2.4,3.9,Winter Minimum Temperature Change
W06000009,2.5°C,1.3,2.0,3.4,Winter Minimum Temperature Change
W06000010,2.5°C,1.6,2.2,3.8,Winter Minimum Temperature Change
W06000011,2.5°C,1.3,1.9,3.1,Winter Minimum Temperature Change
W06000012,2.5°C,1.5,2.5,3.9,Winter Minimum Temperature Change
W06000013,2.5°C,1.6,2.2,3.5,Winter Minimum Temperature Change
W06000014,2.5°C,1.1,1.8,3.0,Winter Minimum Temperature Change
W06000015,2.5°C,1.0,2.0,3.1,Winter Minimum Temperature Change
W06000016,2.5°C,1.7,2.6,3.9,Winter Minimum Temperature Change
W06000018,2.5°C,1.7,2.6,4.0,Winter Minimum Temperature Change
W06000019,2.5°C,2.0,3.0,4.5,Winter Minimum Temperature Change
W06000020,2.5°C,1.5,2.5,3.9,Winter Minimum Temperature Change
W06000021,2.5°C,1.3,2.3,3.3,Winter Minimum Temperature Change
W06000022,2.5°C,1.0,2.1,2.9,Winter Minimum Temperature Change
W06000023,2.5°C,2.1,2.8,4.6,Winter Minimum Temperature Change
W06000024,2.5°C,2.0,2.9,4.5,Winter Minimum Temperature Change
E12000007,2.5°C,1.5,2.2,2.9,Winter Minimum Temperature Change
E47000001,3°C,1.8,2.6,5.0,Winter Minimum Temperature Change
E47000002,3°C,1.7,2.9,4.5,Winter Minimum Temperature Change
E47000003,3°C,2.1,3.3,4.8,Winter Minimum Temperature Change
E47000004,3°C,1.5,2.3,4.1,Winter Minimum Temperature Change
E47000006,3°C,2.0,3.2,5.1,Winter Minimum Temperature Change
E47000007,3°C,1.6,2.7,4.7,Winter Minimum Temperature Change
E47000008,3°C,1.6,2.9,4.5,Winter Minimum Temperature Change
E47000009,3°C,1.5,2.5,3.6,Winter Minimum Temperature Change
E47000010,3°C,2.6,3.9,5.8,Winter Minimum Temperature Change
E47000011,3°C,2.4,3.8,5.9,Winter Minimum Temperature Change
E10000003,3°C,1.7,2.9,4.5,Winter Minimum Temperature Change
E10000007,3°C,2.1,3.4,5.4,Winter Minimum Temperature Change
E10000008,3°C,1.6,2.5,3.8,Winter Minimum Temperature Change
E10000011,3°C,1.8,2.6,3.8,Winter Minimum Temperature Change
E10000012,3°C,1.7,2.8,4.3,Winter Minimum Temperature Change
E10000013,3°C,1.6,2.7,4.0,Winter Minimum Temperature Change
E10000014,3°C,1.3,2.5,3.6,Winter Minimum Temperature Change
E10000015,3°C,1.7,2.9,4.4,Winter Minimum Temperature Change
E10000016,3°C,1.9,2.8,4.3,Winter Minimum Temperature Change
E10000017,3°C,1.8,2.7,4.7,Winter Minimum Temperature Change
E10000018,3°C,1.8,2.8,4.8,Winter Minimum Temperature Change
E10000019,3°C,1.6,2.7,4.6,Winter Minimum Temperature Change
E10000020,3°C,1.8,2.8,4.8,Winter Minimum Temperature Change
E10000024,3°C,1.7,2.5,4.5,Winter Minimum Temperature Change
E10000025,3°C,1.4,2.6,4.0,Winter Minimum Temperature Change
E10000028,3°C,2.0,3.0,5.1,Winter Minimum Temperature Change
E10000029,3°C,1.8,2.9,4.6,Winter Minimum Temperature Change
E10000030,3°C,1.8,2.5,3.9,Winter Minimum Temperature Change
E10000031,3°C,1.5,2.6,4.2,Winter Minimum Temperature Change
E10000032,3°C,1.7,2.4,3.5,Winter Minimum Temperature Change
E10000034,3°C,1.4,2.1,4.3,Winter Minimum Temperature Change
E06000001,3°C,1.9,3.2,4.7,Winter Minimum Temperature Change
E06000002,3°C,1.9,3.0,5.0,Winter Minimum Temperature Change
E06000003,3°C,1.8,3.2,4.8,Winter Minimum Temperature Change
E06000004,3°C,1.8,3.3,5.1,Winter Minimum Temperature Change
E06000005,3°C,2.3,3.0,5.7,Winter Minimum Temperature Change
E06000006,3°C,1.3,2.3,4.3,Winter Minimum Temperature Change
E06000007,3°C,1.3,2.5,4.2,Winter Minimum Temperature Change
E06000008,3°C,2.2,3.1,5.2,Winter Minimum Temperature Change
E06000009,3°C,1.4,2.1,3.8,Winter Minimum Temperature Change
E06000010,3°C,1.8,2.9,4.8,Winter Minimum Temperature Change
E06000011,3°C,1.8,3.0,5.1,Winter Minimum Temperature Change
E06000012,3°C,1.7,2.9,4.7,Winter Minimum Temperature Change
E06000013,3°C,1.6,2.5,4.5,Winter Minimum Temperature Change
E06000014,3°C,1.7,2.6,5.3,Winter Minimum Temperature Change
E06000015,3°C,1.5,2.6,4.4,Winter Minimum Temperature Change
E06000016,3°C,1.7,2.6,4.3,Winter Minimum Temperature Change
E06000017,3°C,1.8,3.0,4.8,Winter Minimum Temperature Change
E06000018,3°C,1.5,2.3,4.3,Winter Minimum Temperature Change
E06000019,3°C,1.4,2.5,4.3,Winter Minimum Temperature Change
E06000020,3°C,1.6,2.6,4.5,Winter Minimum Temperature Change
E06000021,3°C,1.6,2.4,5.4,Winter Minimum Temperature Change
E06000022,3°C,1.4,2.6,3.6,Winter Minimum Temperature Change
E06000023,3°C,1.6,2.1,3.3,Winter Minimum Temperature Change
E06000024,3°C,1.6,2.4,3.3,Winter Minimum Temperature Change
E06000025,3°C,1.5,2.4,3.7,Winter Minimum Temperature Change
E06000026,3°C,1.5,2.3,3.4,Winter Minimum Temperature Change
E06000027,3°C,1.5,2.2,3.6,Winter Minimum Temperature Change
E06000030,3°C,1.2,2.6,3.9,Winter Minimum Temperature Change
E06000031,3°C,1.5,2.7,4.3,Winter Minimum Temperature Change
E06000032,3°C,1.7,3.0,4.5,Winter Minimum Temperature Change
E06000033,3°C,1.9,2.6,3.9,Winter Minimum Temperature Change
E06000034,3°C,1.7,2.6,3.8,Winter Minimum Temperature Change
E06000035,3°C,2.0,2.6,3.9,Winter Minimum Temperature Change
E06000036,3°C,1.5,2.7,3.9,Winter Minimum Temperature Change
E06000037,3°C,1.1,2.8,4.0,Winter Minimum Temperature Change
E06000038,3°C,1.3,2.4,3.7,Winter Minimum Temperature Change
E06000039,3°C,1.5,2.7,3.5,Winter Minimum Temperature Change
E06000040,3°C,1.5,2.7,3.6,Winter Minimum Temperature Change
E06000041,3°C,1.4,2.6,3.7,Winter Minimum Temperature Change
E06000042,3°C,1.4,2.9,4.3,Winter Minimum Temperature Change
E06000043,3°C,1.8,2.5,3.7,Winter Minimum Temperature Change
E06000044,3°C,1.5,2.1,3.1,Winter Minimum Temperature Change
E06000045,3°C,1.4,2.3,3.0,Winter Minimum Temperature Change
E06000046,3°C,1.6,2.3,3.2,Winter Minimum Temperature Change
E06000047,3°C,2.6,4.0,5.9,Winter Minimum Temperature Change
E06000049,3°C,1.7,2.8,4.8,Winter Minimum Temperature Change
E06000050,3°C,1.8,2.6,4.8,Winter Minimum Temperature Change
E06000051,3°C,1.9,3.0,5.1,Winter Minimum Temperature Change
E06000052,3°C,1.3,2.3,3.7,Winter Minimum Temperature Change
E06000053,3°C,0.7,1.9,2.5,Winter Minimum Temperature Change
E06000054,3°C,1.3,2.7,3.9,Winter Minimum Temperature Change
E06000055,3°C,1.6,2.7,4.4,Winter Minimum Temperature Change
E06000056,3°C,1.6,2.8,4.3,Winter Minimum Temperature Change
E06000057,3°C,2.5,3.8,6.0,Winter Minimum Temperature Change
E06000058,3°C,1.4,2.5,3.0,Winter Minimum Temperature Change
E06000059,3°C,1.7,2.7,3.5,Winter Minimum Temperature Change
E06000060,3°C,1.6,2.8,4.4,Winter Minimum Temperature Change
E06000061,3°C,1.7,2.7,4.7,Winter Minimum Temperature Change
E06000062,3°C,1.6,3.0,4.7,Winter Minimum Temperature Change
E06000063,3°C,1.9,3.1,5.0,Winter Minimum Temperature Change
E06000064,3°C,2.3,3.5,5.4,Winter Minimum Temperature Change
E06000065,3°C,2.4,3.6,5.4,Winter Minimum Temperature Change
E06000066,3°C,1.8,2.6,3.4,Winter Minimum Temperature Change
E07000008,3°C,1.7,2.8,4.1,Winter Minimum Temperature Change
E07000009,3°C,1.6,2.8,4.6,Winter Minimum Temperature Change
E07000010,3°C,1.5,2.8,4.5,Winter Minimum Temperature Change
E07000011,3°C,1.6,2.8,4.4,Winter Minimum Temperature Change
E07000012,3°C,1.7,2.9,4.5,Winter Minimum Temperature Change
E07000032,3°C,1.8,3.0,5.1,Winter Minimum Temperature Change
E07000033,3°C,1.7,3.0,5.0,Winter Minimum Temperature Change
E07000034,3°C,1.5,3.1,5.0,Winter Minimum Temperature Change
E07000035,3°C,2.2,3.5,5.7,Winter Minimum Temperature Change
E07000036,3°C,1.5,2.5,4.4,Winter Minimum Temperature Change
E07000037,3°C,2.7,4.2,6.1,Winter Minimum Temperature Change
E07000038,3°C,2.0,3.4,5.4,Winter Minimum Temperature Change
E07000039,3°C,1.5,2.7,4.6,Winter Minimum Temperature Change
E07000040,3°C,1.8,2.6,3.5,Winter Minimum Temperature Change
E07000041,3°C,1.4,2.3,3.0,Winter Minimum Temperature Change
E07000042,3°C,1.6,2.5,3.8,Winter Minimum Temperature Change
E07000043,3°C,1.7,2.4,3.8,Winter Minimum Temperature Change
E07000044,3°C,1.7,2.5,3.8,Winter Minimum Temperature Change
E07000045,3°C,1.7,2.7,3.6,Winter Minimum Temperature Change
E07000046,3°C,1.4,2.5,3.6,Winter Minimum Temperature Change
E07000047,3°C,1.7,2.6,4.1,Winter Minimum Temperature Change
E07000061,3°C,1.8,2.4,3.5,Winter Minimum Temperature Change
E07000062,3°C,1.9,2.7,3.8,Winter Minimum Temperature Change
E07000063,3°C,1.8,2.4,3.5,Winter Minimum Temperature Change
E07000064,3°C,1.7,2.8,3.9,Winter Minimum Temperature Change
E07000065,3°C,1.8,2.6,3.9,Winter Minimum Temperature Change
E07000066,3°C,1.8,2.7,4.1,Winter Minimum Temperature Change
E07000067,3°C,1.5,2.6,4.6,Winter Minimum Temperature Change
E07000068,3°C,1.8,2.9,4.2,Winter Minimum Temperature Change
E07000069,3°C,1.9,2.7,4.1,Winter Minimum Temperature Change
E07000070,3°C,1.8,2.8,4.4,Winter Minimum Temperature Change
E07000071,3°C,1.7,2.6,4.2,Winter Minimum Temperature Change
E07000072,3°C,1.6,2.9,4.2,Winter Minimum Temperature Change
E07000073,3°C,1.7,2.8,4.2,Winter Minimum Temperature Change
E07000074,3°C,1.7,2.7,4.2,Winter Minimum Temperature Change
E07000075,3°C,1.7,2.6,4.0,Winter Minimum Temperature Change
E07000076,3°C,1.8,2.7,4.1,Winter Minimum Temperature Change
E07000077,3°C,1.6,3.0,4.7,Winter Minimum Temperature Change
E07000078,3°C,1.3,2.5,3.7,Winter Minimum Temperature Change
E07000079,3°C,1.7,2.9,4.3,Winter Minimum Temperature Change
E07000080,3°C,1.6,2.6,3.8,Winter Minimum Temperature Change
E07000081,3°C,1.4,2.3,3.2,Winter Minimum Temperature Change
E07000082,3°C,1.7,2.6,4.0,Winter Minimum Temperature Change
E07000083,3°C,1.6,2.5,3.8,Winter Minimum Temperature Change
E07000084,3°C,1.5,2.8,3.9,Winter Minimum Temperature Change
E07000085,3°C,1.4,2.7,4.1,Winter Minimum Temperature Change
E07000086,3°C,1.1,2.2,3.0,Winter Minimum Temperature Change
E07000087,3°C,1.2,2.1,3.0,Winter Minimum Temperature Change
E07000088,3°C,1.5,2.2,3.1,Winter Minimum Temperature Change
E07000089,3°C,1.3,2.7,3.7,Winter Minimum Temperature Change
E07000090,3°C,1.5,2.3,3.3,Winter Minimum Temperature Change
E07000091,3°C,1.3,2.4,3.3,Winter Minimum Temperature Change
E07000092,3°C,1.6,2.7,3.9,Winter Minimum Temperature Change
E07000093,3°C,0.9,2.6,3.6,Winter Minimum Temperature Change
E07000094,3°C,1.1,2.4,3.5,Winter Minimum Temperature Change
E07000095,3°C,1.4,2.7,3.7,Winter Minimum Temperature Change
E07000096,3°C,1.8,3.0,4.6,Winter Minimum Temperature Change
E07000098,3°C,1.7,2.9,4.1,Winter Minimum Temperature Change
E07000099,3°C,1.8,3.0,4.6,Winter Minimum Temperature Change
E07000102,3°C,1.6,2.7,4.1,Winter Minimum Temperature Change
E07000103,3°C,1.7,2.7,4.0,Winter Minimum Temperature Change
E07000105,3°C,1.9,3.0,4.5,Winter Minimum Temperature Change
E07000106,3°C,2.0,3.0,4.3,Winter Minimum Temperature Change
E07000107,3°C,1.8,2.6,3.6,Winter Minimum Temperature Change
E07000108,3°C,1.8,2.8,4.4,Winter Minimum Temperature Change
E07000109,3°C,2.1,2.7,4.0,Winter Minimum Temperature Change
E07000110,3°C,1.9,2.9,4.5,Winter Minimum Temperature Change
E07000111,3°C,1.9,2.7,4.4,Winter Minimum Temperature Change
E07000112,3°C,1.9,2.8,4.4,Winter Minimum Temperature Change
E07000113,3°C,2.0,2.9,4.1,Winter Minimum Temperature Change
E07000114,3°C,1.9,2.6,3.9,Winter Minimum Temperature Change
E07000115,3°C,1.8,2.7,4.3,Winter Minimum Temperature Change
E07000116,3°C,1.7,2.6,4.1,Winter Minimum Temperature Change
E07000117,3°C,2.4,3.4,5.7,Winter Minimum Temperature Change
E07000118,3°C,1.7,2.5,4.4,Winter Minimum Temperature Change
E07000119,3°C,1.3,2.3,3.9,Winter Minimum Temperature Change
E07000120,3°C,1.8,2.7,5.0,Winter Minimum Temperature Change
E07000121,3°C,1.8,2.5,4.5,Winter Minimum Temperature Change
E07000122,3°C,2.5,3.6,5.8,Winter Minimum Temperature Change
E07000123,3°C,1.7,2.1,4.4,Winter Minimum Temperature Change
E07000124,3°C,2.0,2.9,5.2,Winter Minimum Temperature Change
E07000125,3°C,2.5,3.7,5.6,Winter Minimum Temperature Change
E07000126,3°C,1.5,2.1,4.1,Winter Minimum Temperature Change
E07000127,3°C,1.6,2.0,4.0,Winter Minimum Temperature Change
E07000128,3°C,1.6,2.2,4.2,Winter Minimum Temperature Change
E07000129,3°C,1.6,2.5,4.6,Winter Minimum Temperature Change
E07000130,3°C,1.7,2.8,4.7,Winter Minimum Temperature Change
E07000131,3°C,1.7,3.1,5.0,Winter Minimum Temperature Change
E07000132,3°C,1.6,2.6,4.8,Winter Minimum Temperature Change
E07000133,3°C,1.9,3.0,4.9,Winter Minimum Temperature Change
E07000134,3°C,1.6,2.9,4.8,Winter Minimum Temperature Change
E07000135,3°C,1.5,2.6,4.8,Winter Minimum Temperature Change
E07000136,3°C,1.4,2.7,4.6,Winter Minimum Temperature Change
E07000137,3°C,1.7,2.9,4.9,Winter Minimum Temperature Change
E07000138,3°C,1.5,2.4,4.8,Winter Minimum Temperature Change
E07000139,3°C,1.5,2.5,4.6,Winter Minimum Temperature Change
E07000140,3°C,1.4,2.8,4.2,Winter Minimum Temperature Change
E07000141,3°C,1.8,2.8,4.6,Winter Minimum Temperature Change
E07000142,3°C,1.6,2.6,4.8,Winter Minimum Temperature Change
E07000143,3°C,1.8,2.9,5.1,Winter Minimum Temperature Change
E07000144,3°C,1.6,3.1,4.9,Winter Minimum Temperature Change
E07000145,3°C,1.9,3.0,4.5,Winter Minimum Temperature Change
E07000146,3°C,1.7,2.6,4.7,Winter Minimum Temperature Change
E07000147,3°C,1.8,3.0,4.6,Winter Minimum Temperature Change
E07000148,3°C,1.6,2.6,4.9,Winter Minimum Temperature Change
E07000149,3°C,1.9,2.9,5.0,Winter Minimum Temperature Change
E07000170,3°C,1.7,3.0,5.1,Winter Minimum Temperature Change
E07000171,3°C,1.6,2.5,4.5,Winter Minimum Temperature Change
E07000172,3°C,1.6,2.5,4.5,Winter Minimum Temperature Change
E07000173,3°C,1.7,2.8,4.6,Winter Minimum Temperature Change
E07000174,3°C,1.5,2.9,4.6,Winter Minimum Temperature Change
E07000175,3°C,1.6,2.5,4.4,Winter Minimum Temperature Change
E07000176,3°C,1.6,2.3,4.3,Winter Minimum Temperature Change
E07000177,3°C,1.4,2.7,4.2,Winter Minimum Temperature Change
E07000178,3°C,1.6,2.5,3.4,Winter Minimum Temperature Change
E07000179,3°C,1.4,2.6,4.0,Winter Minimum Temperature Change
E07000180,3°C,1.2,2.4,3.6,Winter Minimum Temperature Change
E07000181,3°C,1.4,2.7,4.2,Winter Minimum Temperature Change
E07000192,3°C,1.8,3.2,5.1,Winter Minimum Temperature Change
E07000193,3°C,1.8,3.0,5.0,Winter Minimum Temperature Change
E07000194,3°C,1.6,2.9,4.8,Winter Minimum Temperature Change
E07000195,3°C,1.9,2.8,5.0,Winter Minimum Temperature Change
E07000196,3°C,1.8,2.6,4.6,Winter Minimum Temperature Change
E07000197,3°C,1.9,2.7,5.1,Winter Minimum Temperature Change
E07000198,3°C,2.3,3.6,5.8,Winter Minimum Temperature Change
E07000199,3°C,1.2,2.4,4.6,Winter Minimum Temperature Change
E07000200,3°C,1.6,2.6,4.4,Winter Minimum Temperature Change
E07000202,3°C,1.8,2.7,4.3,Winter Minimum Temperature Change
E07000203,3°C,1.8,3.1,4.8,Winter Minimum Temperature Change
E07000207,3°C,1.5,2.3,3.5,Winter Minimum Temperature Change
E07000208,3°C,1.7,2.5,3.6,Winter Minimum Temperature Change
E07000209,3°C,1.7,2.5,3.9,Winter Minimum Temperature Change
E07000210,3°C,1.8,2.5,4.1,Winter Minimum Temperature Change
E07000211,3°C,1.9,2.5,4.2,Winter Minimum Temperature Change
E07000212,3°C,1.5,2.5,3.6,Winter Minimum Temperature Change
E07000213,3°C,1.5,2.5,3.5,Winter Minimum Temperature Change
E07000214,3°C,1.4,2.6,3.9,Winter Minimum Temperature Change
E07000215,3°C,1.8,2.6,4.3,Winter Minimum Temperature Change
E07000216,3°C,1.6,2.4,4.0,Winter Minimum Temperature Change
E07000217,3°C,1.4,2.4,3.6,Winter Minimum Temperature Change
E07000218,3°C,1.5,2.6,4.6,Winter Minimum Temperature Change
E07000219,3°C,1.6,2.6,4.6,Winter Minimum Temperature Change
E07000220,3°C,1.6,2.5,4.2,Winter Minimum Temperature Change
E07000221,3°C,1.4,2.6,4.1,Winter Minimum Temperature Change
E07000222,3°C,1.6,2.5,4.1,Winter Minimum Temperature Change
E07000223,3°C,1.8,2.4,3.6,Winter Minimum Temperature Change
E07000224,3°C,1.7,2.4,3.5,Winter Minimum Temperature Change
E07000225,3°C,1.5,2.5,3.5,Winter Minimum Temperature Change
E07000226,3°C,1.8,2.3,3.8,Winter Minimum Temperature Change
E07000227,3°C,1.6,2.2,3.4,Winter Minimum Temperature Change
E07000228,3°C,1.8,2.3,3.7,Winter Minimum Temperature Change
E07000229,3°C,1.8,2.5,3.7,Winter Minimum Temperature Change
E07000234,3°C,1.8,2.5,5.0,Winter Minimum Temperature Change
E07000235,3°C,1.4,2.2,4.3,Winter Minimum Temperature Change
E07000236,3°C,1.6,2.4,4.6,Winter Minimum Temperature Change
E07000237,3°C,0.8,2.0,3.8,Winter Minimum Temperature Change
E07000238,3°C,1.2,2.1,3.8,Winter Minimum Temperature Change
E07000239,3°C,1.3,2.2,4.6,Winter Minimum Temperature Change
E07000240,3°C,1.7,2.8,4.3,Winter Minimum Temperature Change
E07000241,3°C,1.8,2.8,4.2,Winter Minimum Temperature Change
E07000242,3°C,1.6,2.9,4.4,Winter Minimum Temperature Change
E07000243,3°C,1.7,2.8,4.6,Winter Minimum Temperature Change
E07000244,3°C,1.9,3.0,4.5,Winter Minimum Temperature Change
E07000245,3°C,1.6,2.8,4.7,Winter Minimum Temperature Change
E08000001,3°C,1.8,2.7,5.1,Winter Minimum Temperature Change
E08000002,3°C,1.9,2.7,5.2,Winter Minimum Temperature Change
E08000003,3°C,1.3,2.2,4.7,Winter Minimum Temperature Change
E08000004,3°C,2.3,3.7,5.6,Winter Minimum Temperature Change
E08000005,3°C,2.4,3.5,5.4,Winter Minimum Temperature Change
E08000006,3°C,1.4,2.0,4.5,Winter Minimum Temperature Change
E08000007,3°C,1.5,2.4,4.5,Winter Minimum Temperature Change
E08000008,3°C,2.0,3.0,5.4,Winter Minimum Temperature Change
E08000009,3°C,1.3,2.1,4.4,Winter Minimum Temperature Change
E08000010,3°C,1.3,2.0,4.5,Winter Minimum Temperature Change
E08000011,3°C,1.4,2.1,4.2,Winter Minimum Temperature Change
E08000012,3°C,1.3,2.4,4.1,Winter Minimum Temperature Change
E08000013,3°C,1.5,2.3,4.2,Winter Minimum Temperature Change
E08000014,3°C,1.6,2.2,3.9,Winter Minimum Temperature Change
E08000015,3°C,1.9,2.5,4.0,Winter Minimum Temperature Change
E08000016,3°C,1.9,3.1,4.6,Winter Minimum Temperature Change
E08000017,3°C,1.5,2.4,4.2,Winter Minimum Temperature Change
E08000018,3°C,1.7,2.6,4.4,Winter Minimum Temperature Change
E08000019,3°C,2.3,3.7,5.1,Winter Minimum Temperature Change
E08000021,3°C,2.1,3.2,5.4,Winter Minimum Temperature Change
E08000022,3°C,2.0,3.1,5.1,Winter Minimum Temperature Change
E08000023,3°C,1.9,3.0,5.1,Winter Minimum Temperature Change
E08000024,3°C,2.1,3.2,5.3,Winter Minimum Temperature Change
E08000025,3°C,1.6,2.8,4.6,Winter Minimum Temperature Change
E08000026,3°C,1.6,2.6,4.4,Winter Minimum Temperature Change
E08000027,3°C,1.6,2.6,4.8,Winter Minimum Temperature Change
E08000028,3°C,1.6,2.8,4.9,Winter Minimum Temperature Change
E08000029,3°C,1.6,2.6,4.6,Winter Minimum Temperature Change
E08000030,3°C,1.6,3.0,5.2,Winter Minimum Temperature Change
E08000031,3°C,1.7,2.6,4.7,Winter Minimum Temperature Change
E08000032,3°C,2.5,3.5,5.3,Winter Minimum Temperature Change
E08000033,3°C,2.9,4.0,5.5,Winter Minimum Temperature Change
E08000034,3°C,2.3,3.2,4.9,Winter Minimum Temperature Change
E08000035,3°C,1.9,3.1,4.6,Winter Minimum Temperature Change
E08000036,3°C,1.4,2.5,4.3,Winter Minimum Temperature Change
E08000037,3°C,2.0,3.3,5.6,Winter Minimum Temperature Change
E09000001,3°C,1.6,2.9,3.6,Winter Minimum Temperature Change
E09000002,3°C,1.8,2.6,3.5,Winter Minimum Temperature Change
E09000003,3°C,1.8,2.8,3.8,Winter Minimum Temperature Change
E09000004,3°C,1.8,2.7,3.4,Winter Minimum Temperature Change
E09000005,3°C,1.6,2.7,3.6,Winter Minimum Temperature Change
E09000006,3°C,1.9,2.7,4.0,Winter Minimum Temperature Change
E09000007,3°C,1.6,2.8,3.6,Winter Minimum Temperature Change
E09000008,3°C,1.8,2.7,4.0,Winter Minimum Temperature Change
E09000009,3°C,1.5,2.6,3.5,Winter Minimum Temperature Change
E09000010,3°C,1.8,2.6,3.6,Winter Minimum Temperature Change
E09000011,3°C,1.7,2.8,3.6,Winter Minimum Temperature Change
E09000012,3°C,1.7,2.8,3.5,Winter Minimum Temperature Change
E09000013,3°C,1.8,2.8,3.4,Winter Minimum Temperature Change
E09000014,3°C,1.7,2.7,3.5,Winter Minimum Temperature Change
E09000015,3°C,1.6,2.7,3.9,Winter Minimum Temperature Change
E09000016,3°C,1.6,2.6,3.8,Winter Minimum Temperature Change
E09000017,3°C,1.5,2.7,3.5,Winter Minimum Temperature Change
E09000018,3°C,1.6,2.6,3.4,Winter Minimum Temperature Change
E09000019,3°C,1.7,2.9,3.6,Winter Minimum Temperature Change
E09000020,3°C,1.7,2.8,3.4,Winter Minimum Temperature Change
E09000021,3°C,1.5,2.5,3.2,Winter Minimum Temperature Change
E09000022,3°C,1.6,2.8,3.5,Winter Minimum Temperature Change
E09000023,3°C,1.7,2.9,3.6,Winter Minimum Temperature Change
E09000024,3°C,1.5,2.7,3.2,Winter Minimum Temperature Change
E09000025,3°C,1.8,2.8,3.5,Winter Minimum Temperature Change
E09000026,3°C,1.8,2.7,3.8,Winter Minimum Temperature Change
E09000027,3°C,1.6,2.5,3.3,Winter Minimum Temperature Change
E09000028,3°C,1.6,2.9,3.6,Winter Minimum Temperature Change
E09000029,3°C,1.7,2.6,3.5,Winter Minimum Temperature Change
E09000030,3°C,1.8,2.9,3.6,Winter Minimum Temperature Change
E09000031,3°C,1.8,2.7,3.5,Winter Minimum Temperature Change
E09000032,3°C,1.6,2.8,3.4,Winter Minimum Temperature Change
E09000033,3°C,1.7,2.9,3.5,Winter Minimum Temperature Change
N09000001,3°C,1.5,2.4,4.4,Winter Minimum Temperature Change
N09000002,3°C,1.2,2.2,4.2,Winter Minimum Temperature Change
N09000003,3°C,1.3,2.3,4.1,Winter Minimum Temperature Change
N09000004,3°C,1.5,2.7,4.6,Winter Minimum Temperature Change
N09000005,3°C,1.5,3.1,5.2,Winter Minimum Temperature Change
N09000006,3°C,1.5,2.9,5.3,Winter Minimum Temperature Change
N09000007,3°C,1.2,2.3,4.2,Winter Minimum Temperature Change
N09000008,3°C,1.4,2.9,4.4,Winter Minimum Temperature Change
N09000009,3°C,1.4,2.8,5.0,Winter Minimum Temperature Change
N09000010,3°C,1.4,2.3,4.0,Winter Minimum Temperature Change
N09000011,3°C,1.0,2.0,3.4,Winter Minimum Temperature Change
S12000005,3°C,2.2,4.3,6.6,Winter Minimum Temperature Change
S12000006,3°C,1.6,3.6,5.1,Winter Minimum Temperature Change
S12000008,3°C,1.8,3.8,5.8,Winter Minimum Temperature Change
S12000010,3°C,1.9,3.2,5.2,Winter Minimum Temperature Change
S12000011,3°C,1.6,3.8,6.2,Winter Minimum Temperature Change
S12000013,3°C,1.8,3.4,5.4,Winter Minimum Temperature Change
S12000014,3°C,1.7,3.3,5.6,Winter Minimum Temperature Change
S12000017,3°C,3.2,4.5,6.5,Winter Minimum Temperature Change
S12000018,3°C,1.3,3.7,5.6,Winter Minimum Temperature Change
S12000019,3°C,2.6,4.1,5.8,Winter Minimum Temperature Change
S12000020,3°C,3.3,4.8,5.8,Winter Minimum Temperature Change
S12000021,3°C,1.2,3.0,4.9,Winter Minimum Temperature Change
S12000023,3°C,2.1,3.7,4.9,Winter Minimum Temperature Change
S12000026,3°C,2.7,4.6,6.2,Winter Minimum Temperature Change
S12000027,3°C,2.2,3.8,4.7,Winter Minimum Temperature Change
S12000028,3°C,1.4,2.8,5.2,Winter Minimum Temperature Change
S12000029,3°C,2.4,4.7,6.3,Winter Minimum Temperature Change
S12000030,3°C,2.8,4.7,6.6,Winter Minimum Temperature Change
S12000033,3°C,3.0,4.3,6.3,Winter Minimum Temperature Change
S12000034,3°C,3.2,5.0,6.5,Winter Minimum Temperature Change
S12000035,3°C,1.8,3.6,5.5,Winter Minimum Temperature Change
S12000036,3°C,1.8,3.4,5.6,Winter Minimum Temperature Change
S12000038,3°C,1.1,3.6,5.4,Winter Minimum Temperature Change
S12000039,3°C,1.5,3.8,6.0,Winter Minimum Temperature Change
S12000040,3°C,2.4,4.3,6.1,Winter Minimum Temperature Change
S12000041,3°C,3.1,4.4,6.1,Winter Minimum Temperature Change
S12000042,3°C,1.3,3.4,5.4,Winter Minimum Temperature Change
S12000045,3°C,1.5,4.3,6.5,Winter Minimum Temperature Change
S12000047,3°C,1.7,3.5,5.6,Winter Minimum Temperature Change
S12000048,3°C,2.9,4.5,6.6,Winter Minimum Temperature Change
S12000049,3°C,1.0,3.1,5.2,Winter Minimum Temperature Change
S12000050,3°C,1.9,4.3,6.3,Winter Minimum Temperature Change
W06000001,3°C,1.7,2.2,3.6,Winter Minimum Temperature Change
W06000002,3°C,2.3,3.3,4.8,Winter Minimum Temperature Change
W06000003,3°C,2.6,3.7,5.0,Winter Minimum Temperature Change
W06000004,3°C,2.5,3.5,5.2,Winter Minimum Temperature Change
W06000005,3°C,2.1,3.0,4.8,Winter Minimum Temperature Change
W06000006,3°C,2.5,3.2,4.9,Winter Minimum Temperature Change
W06000008,3°C,2.4,2.9,4.6,Winter Minimum Temperature Change
W06000009,3°C,1.5,2.4,4.0,Winter Minimum Temperature Change
W06000010,3°C,2.0,2.9,4.4,Winter Minimum Temperature Change
W06000011,3°C,1.7,2.4,3.8,Winter Minimum Temperature Change
W06000012,3°C,2.3,2.9,4.7,Winter Minimum Temperature Change
W06000013,3°C,2.0,2.7,4.2,Winter Minimum Temperature Change
W06000014,3°C,1.6,2.3,3.6,Winter Minimum Temperature Change
W06000015,3°C,1.5,2.4,3.7,Winter Minimum Temperature Change
W06000016,3°C,2.3,3.3,4.9,Winter Minimum Temperature Change
W06000018,3°C,2.2,3.4,5.0,Winter Minimum Temperature Change
W06000019,3°C,2.6,3.7,5.5,Winter Minimum Temperature Change
W06000020,3°C,2.2,3.4,4.7,Winter Minimum Temperature Change
W06000021,3°C,1.7,2.6,4.3,Winter Minimum Temperature Change
W06000022,3°C,1.6,2.5,3.5,Winter Minimum Temperature Change
W06000023,3°C,2.5,3.6,5.5,Winter Minimum Temperature Change
W06000024,3°C,2.5,3.7,5.3,Winter Minimum Temperature Change
E12000007,3°C,1.8,2.8,3.6,Winter Minimum Temperature Change
E47000001,3.5°C,1.9,3.1,5.3,Winter Minimum Temperature Change
E47000002,3.5°C,2.1,3.4,5.2,Winter Minimum Temperature Change
E47000003,3.5°C,2.2,3.6,5.5,Winter Minimum Temperature Change
E47000004,3.5°C,1.8,2.9,4.0,Winter Minimum Temperature Change
E47000006,3.5°C,2.3,3.6,5.2,Winter Minimum Temperature Change
E47000007,3.5°C,2.4,3.3,5.0,Winter Minimum Temperature Change
E47000008,3.5°C,1.9,3.3,4.6,Winter Minimum Temperature Change
E47000009,3.5°C,1.6,3.0,4.0,Winter Minimum Temperature Change
E47000010,3.5°C,3.2,4.3,6.2,Winter Minimum Temperature Change
E47000011,3.5°C,2.9,4.6,6.4,Winter Minimum Temperature Change
E10000003,3.5°C,1.9,3.3,4.6,Winter Minimum Temperature Change
E10000007,3.5°C,2.4,3.7,5.8,Winter Minimum Temperature Change
E10000008,3.5°C,2.3,3.0,3.9,Winter Minimum Temperature Change
E10000011,3.5°C,2.1,3.1,4.2,Winter Minimum Temperature Change
E10000012,3.5°C,2.3,3.4,4.7,Winter Minimum Temperature Change
E10000013,3.5°C,1.9,3.2,4.4,Winter Minimum Temperature Change
E10000014,3.5°C,1.5,2.8,3.8,Winter Minimum Temperature Change
E10000015,3.5°C,2.0,3.2,4.7,Winter Minimum Temperature Change
E10000016,3.5°C,2.3,3.4,4.7,Winter Minimum Temperature Change
E10000017,3.5°C,1.9,3.2,4.8,Winter Minimum Temperature Change
E10000018,3.5°C,2.2,3.5,5.1,Winter Minimum Temperature Change
E10000019,3.5°C,1.8,3.3,5.0,Winter Minimum Temperature Change
E10000020,3.5°C,2.4,3.2,5.2,Winter Minimum Temperature Change
E10000024,3.5°C,1.6,3.2,4.8,Winter Minimum Temperature Change
E10000025,3.5°C,1.6,3.0,4.3,Winter Minimum Temperature Change
E10000028,3.5°C,2.4,3.4,5.3,Winter Minimum Temperature Change
E10000029,3.5°C,2.2,3.5,5.0,Winter Minimum Temperature Change
E10000030,3.5°C,2.0,3.0,4.3,Winter Minimum Temperature Change
E10000031,3.5°C,1.9,3.1,4.4,Winter Minimum Temperature Change
E10000032,3.5°C,1.9,2.9,4.1,Winter Minimum Temperature Change
E10000034,3.5°C,1.7,2.6,4.5,Winter Minimum Temperature Change
E06000001,3.5°C,2.1,3.5,5.1,Winter Minimum Temperature Change
E06000002,3.5°C,2.1,3.8,5.2,Winter Minimum Temperature Change
E06000003,3.5°C,2.2,3.9,5.2,Winter Minimum Temperature Change
E06000004,3.5°C,2.1,3.6,5.4,Winter Minimum Temperature Change
E06000005,3.5°C,2.4,3.9,5.7,Winter Minimum Temperature Change
E06000006,3.5°C,1.6,3.0,3.8,Winter Minimum Temperature Change
E06000007,3.5°C,1.5,2.9,3.9,Winter Minimum Temperature Change
E06000008,3.5°C,2.4,3.7,5.4,Winter Minimum Temperature Change
E06000009,3.5°C,1.4,2.3,3.7,Winter Minimum Temperature Change
E06000010,3.5°C,1.9,3.2,5.2,Winter Minimum Temperature Change
E06000011,3.5°C,2.2,3.3,5.5,Winter Minimum Temperature Change
E06000012,3.5°C,2.1,3.4,5.0,Winter Minimum Temperature Change
E06000013,3.5°C,1.5,3.1,4.9,Winter Minimum Temperature Change
E06000014,3.5°C,1.7,2.9,5.4,Winter Minimum Temperature Change
E06000015,3.5°C,1.9,3.3,4.5,Winter Minimum Temperature Change
E06000016,3.5°C,2.1,3.2,4.7,Winter Minimum Temperature Change
E06000017,3.5°C,2.5,3.6,5.2,Winter Minimum Temperature Change
E06000018,3.5°C,1.8,2.9,4.5,Winter Minimum Temperature Change
E06000019,3.5°C,1.8,3.0,4.8,Winter Minimum Temperature Change
E06000020,3.5°C,1.7,3.2,4.4,Winter Minimum Temperature Change
E06000021,3.5°C,1.7,3.2,5.5,Winter Minimum Temperature Change
E06000022,3.5°C,1.5,3.2,4.0,Winter Minimum Temperature Change
E06000023,3.5°C,1.6,2.6,3.6,Winter Minimum Temperature Change
E06000024,3.5°C,1.7,2.9,3.7,Winter Minimum Temperature Change
E06000025,3.5°C,1.7,3.0,4.0,Winter Minimum Temperature Change
E06000026,3.5°C,2.2,2.6,3.6,Winter Minimum Temperature Change
E06000027,3.5°C,2.0,2.7,3.6,Winter Minimum Temperature Change
E06000030,3.5°C,1.5,2.9,4.0,Winter Minimum Temperature Change
E06000031,3.5°C,1.9,3.2,4.7,Winter Minimum Temperature Change
E06000032,3.5°C,2.1,3.3,4.7,Winter Minimum Temperature Change
E06000033,3.5°C,2.3,3.2,4.5,Winter Minimum Temperature Change
E06000034,3.5°C,2.2,3.1,4.3,Winter Minimum Temperature Change
E06000035,3.5°C,2.5,3.3,4.3,Winter Minimum Temperature Change
E06000036,3.5°C,1.4,3.0,4.0,Winter Minimum Temperature Change
E06000037,3.5°C,1.3,3.2,4.2,Winter Minimum Temperature Change
E06000038,3.5°C,1.4,2.9,4.1,Winter Minimum Temperature Change
E06000039,3.5°C,1.6,3.1,3.9,Winter Minimum Temperature Change
E06000040,3.5°C,1.4,3.0,3.9,Winter Minimum Temperature Change
E06000041,3.5°C,1.2,2.9,3.8,Winter Minimum Temperature Change
E06000042,3.5°C,2.0,3.3,4.7,Winter Minimum Temperature Change
E06000043,3.5°C,2.1,3.1,4.0,Winter Minimum Temperature Change
E06000044,3.5°C,1.9,2.5,3.4,Winter Minimum Temperature Change
E06000045,3.5°C,1.5,2.6,3.4,Winter Minimum Temperature Change
E06000046,3.5°C,1.8,2.6,3.7,Winter Minimum Temperature Change
E06000047,3.5°C,3.4,4.5,6.4,Winter Minimum Temperature Change
E06000049,3.5°C,2.0,3.3,5.0,Winter Minimum Temperature Change
E06000050,3.5°C,2.0,3.2,4.8,Winter Minimum Temperature Change
E06000051,3.5°C,2.3,3.4,5.5,Winter Minimum Temperature Change
E06000052,3.5°C,2.2,2.8,3.6,Winter Minimum Temperature Change
E06000053,3.5°C,1.3,2.3,3.2,Winter Minimum Temperature Change
E06000054,3.5°C,1.5,3.0,4.2,Winter Minimum Temperature Change
E06000055,3.5°C,1.9,3.3,4.7,Winter Minimum Temperature Change
E06000056,3.5°C,2.1,3.2,4.6,Winter Minimum Temperature Change
E06000057,3.5°C,2.9,4.6,6.5,Winter Minimum Temperature Change
E06000058,3.5°C,1.5,2.7,3.4,Winter Minimum Temperature Change
E06000059,3.5°C,1.7,3.1,3.7,Winter Minimum Temperature Change
E06000060,3.5°C,2.0,3.1,4.6,Winter Minimum Temperature Change
E06000061,3.5°C,2.1,3.4,5.1,Winter Minimum Temperature Change
E06000062,3.5°C,2.1,3.5,5.0,Winter Minimum Temperature Change
E06000063,3.5°C,2.1,3.7,5.0,Winter Minimum Temperature Change
E06000064,3.5°C,2.6,4.2,5.9,Winter Minimum Temperature Change
E06000065,3.5°C,2.5,3.9,6.0,Winter Minimum Temperature Change
E06000066,3.5°C,1.8,3.2,3.7,Winter Minimum Temperature Change
E07000008,3.5°C,1.9,3.4,4.4,Winter Minimum Temperature Change
E07000009,3.5°C,2.1,3.3,4.7,Winter Minimum Temperature Change
E07000010,3.5°C,1.8,3.3,4.6,Winter Minimum Temperature Change
E07000011,3.5°C,1.9,3.3,4.7,Winter Minimum Temperature Change
E07000012,3.5°C,2.0,3.4,4.6,Winter Minimum Temperature Change
E07000032,3.5°C,1.9,3.3,5.2,Winter Minimum Temperature Change
E07000033,3.5°C,1.9,3.2,5.6,Winter Minimum Temperature Change
E07000034,3.5°C,2.3,3.5,5.5,Winter Minimum Temperature Change
E07000035,3.5°C,2.6,3.8,6.1,Winter Minimum Temperature Change
E07000036,3.5°C,1.8,3.2,4.6,Winter Minimum Temperature Change
E07000037,3.5°C,3.2,5.0,6.6,Winter Minimum Temperature Change
E07000038,3.5°C,2.5,3.7,5.8,Winter Minimum Temperature Change
E07000039,3.5°C,1.8,3.3,4.7,Winter Minimum Temperature Change
E07000040,3.5°C,2.0,2.9,3.9,Winter Minimum Temperature Change
E07000041,3.5°C,1.8,2.5,3.3,Winter Minimum Temperature Change
E07000042,3.5°C,2.1,3.0,4.1,Winter Minimum Temperature Change
E07000043,3.5°C,2.4,3.0,3.9,Winter Minimum Temperature Change
E07000044,3.5°C,2.4,2.8,3.8,Winter Minimum Temperature Change
E07000045,3.5°C,2.1,3.1,3.9,Winter Minimum Temperature Change
E07000046,3.5°C,2.2,3.0,3.7,Winter Minimum Temperature Change
E07000047,3.5°C,2.4,3.2,4.2,Winter Minimum Temperature Change
E07000061,3.5°C,2.1,2.8,3.8,Winter Minimum Temperature Change
E07000062,3.5°C,2.4,3.3,4.2,Winter Minimum Temperature Change
E07000063,3.5°C,2.0,2.9,3.9,Winter Minimum Temperature Change
E07000064,3.5°C,2.1,3.4,4.3,Winter Minimum Temperature Change
E07000065,3.5°C,2.1,3.2,4.3,Winter Minimum Temperature Change
E07000066,3.5°C,2.3,3.2,4.6,Winter Minimum Temperature Change
E07000067,3.5°C,2.2,3.3,4.9,Winter Minimum Temperature Change
E07000068,3.5°C,2.4,3.3,4.7,Winter Minimum Temperature Change
E07000069,3.5°C,2.3,3.2,4.5,Winter Minimum Temperature Change
E07000070,3.5°C,2.5,3.3,4.8,Winter Minimum Temperature Change
E07000071,3.5°C,2.3,3.4,4.4,Winter Minimum Temperature Change
E07000072,3.5°C,2.1,3.3,4.5,Winter Minimum Temperature Change
E07000073,3.5°C,2.1,3.1,4.4,Winter Minimum Temperature Change
E07000074,3.5°C,2.3,3.3,4.4,Winter Minimum Temperature Change
E07000075,3.5°C,2.2,3.2,4.4,Winter Minimum Temperature Change
E07000076,3.5°C,2.1,3.4,4.2,Winter Minimum Temperature Change
E07000077,3.5°C,2.3,3.4,5.0,Winter Minimum Temperature Change
E07000078,3.5°C,1.8,2.9,4.0,Winter Minimum Temperature Change
E07000079,3.5°C,1.9,3.4,4.6,Winter Minimum Temperature Change
E07000080,3.5°C,1.9,3.0,4.3,Winter Minimum Temperature Change
E07000081,3.5°C,1.6,2.6,3.8,Winter Minimum Temperature Change
E07000082,3.5°C,1.8,3.1,4.4,Winter Minimum Temperature Change
E07000083,3.5°C,1.8,2.9,4.2,Winter Minimum Temperature Change
E07000084,3.5°C,1.7,3.1,4.0,Winter Minimum Temperature Change
E07000085,3.5°C,1.7,3.3,4.3,Winter Minimum Temperature Change
E07000086,3.5°C,1.3,2.2,3.4,Winter Minimum Temperature Change
E07000087,3.5°C,1.6,2.4,3.5,Winter Minimum Temperature Change
E07000088,3.5°C,2.0,2.6,3.5,Winter Minimum Temperature Change
E07000089,3.5°C,1.4,3.0,4.2,Winter Minimum Temperature Change
E07000090,3.5°C,2.0,2.6,3.6,Winter Minimum Temperature Change
E07000091,3.5°C,1.4,2.6,3.5,Winter Minimum Temperature Change
E07000092,3.5°C,1.7,2.9,4.5,Winter Minimum Temperature Change
E07000093,3.5°C,1.3,2.7,3.6,Winter Minimum Temperature Change
E07000094,3.5°C,1.4,2.6,3.8,Winter Minimum Temperature Change
E07000095,3.5°C,1.8,3.1,4.1,Winter Minimum Temperature Change
E07000096,3.5°C,2.3,3.3,4.8,Winter Minimum Temperature Change
E07000098,3.5°C,1.8,3.3,4.5,Winter Minimum Temperature Change
E07000099,3.5°C,2.2,3.3,4.7,Winter Minimum Temperature Change
E07000102,3.5°C,1.8,3.2,4.2,Winter Minimum Temperature Change
E07000103,3.5°C,1.7,3.2,4.2,Winter Minimum Temperature Change
E07000105,3.5°C,2.1,3.7,4.9,Winter Minimum Temperature Change
E07000106,3.5°C,2.5,3.8,4.9,Winter Minimum Temperature Change
E07000107,3.5°C,2.4,3.2,4.2,Winter Minimum Temperature Change
E07000108,3.5°C,2.4,3.5,4.8,Winter Minimum Temperature Change
E07000109,3.5°C,2.6,3.4,4.5,Winter Minimum Temperature Change
E07000110,3.5°C,2.3,3.6,4.9,Winter Minimum Temperature Change
E07000111,3.5°C,2.5,3.5,4.7,Winter Minimum Temperature Change
E07000112,3.5°C,2.3,3.4,4.8,Winter Minimum Temperature Change
E07000113,3.5°C,2.3,3.4,4.7,Winter Minimum Temperature Change
E07000114,3.5°C,2.4,3.4,4.2,Winter Minimum Temperature Change
E07000115,3.5°C,2.4,3.4,4.7,Winter Minimum Temperature Change
E07000116,3.5°C,2.2,3.4,4.6,Winter Minimum Temperature Change
E07000117,3.5°C,2.7,3.9,6.0,Winter Minimum Temperature Change
E07000118,3.5°C,1.5,3.0,4.5,Winter Minimum Temperature Change
E07000119,3.5°C,1.3,2.5,3.9,Winter Minimum Temperature Change
E07000120,3.5°C,2.4,3.2,5.1,Winter Minimum Temperature Change
E07000121,3.5°C,1.9,3.1,4.5,Winter Minimum Temperature Change
E07000122,3.5°C,2.7,4.1,5.9,Winter Minimum Temperature Change
E07000123,3.5°C,1.4,2.9,4.4,Winter Minimum Temperature Change
E07000124,3.5°C,2.3,3.7,5.3,Winter Minimum Temperature Change
E07000125,3.5°C,2.9,4.4,6.1,Winter Minimum Temperature Change
E07000126,3.5°C,1.3,2.6,4.2,Winter Minimum Temperature Change
E07000127,3.5°C,1.6,2.6,4.1,Winter Minimum Temperature Change
E07000128,3.5°C,1.7,2.7,4.1,Winter Minimum Temperature Change
E07000129,3.5°C,1.9,3.2,4.8,Winter Minimum Temperature Change
E07000130,3.5°C,2.1,3.2,5.0,Winter Minimum Temperature Change
E07000131,3.5°C,2.3,3.5,5.3,Winter Minimum Temperature Change
E07000132,3.5°C,1.9,3.2,5.0,Winter Minimum Temperature Change
E07000133,3.5°C,2.2,3.6,5.2,Winter Minimum Temperature Change
E07000134,3.5°C,2.0,3.4,5.0,Winter Minimum Temperature Change
E07000135,3.5°C,2.1,3.3,5.1,Winter Minimum Temperature Change
E07000136,3.5°C,1.5,3.3,4.7,Winter Minimum Temperature Change
E07000137,3.5°C,2.2,3.4,5.3,Winter Minimum Temperature Change
E07000138,3.5°C,1.2,3.1,4.9,Winter Minimum Temperature Change
E07000139,3.5°C,1.5,3.2,4.8,Winter Minimum Temperature Change
E07000140,3.5°C,1.6,3.3,4.5,Winter Minimum Temperature Change
E07000141,3.5°C,2.0,3.4,4.9,Winter Minimum Temperature Change
E07000142,3.5°C,1.7,3.2,5.1,Winter Minimum Temperature Change
E07000143,3.5°C,2.4,3.5,5.5,Winter Minimum Temperature Change
E07000144,3.5°C,1.8,3.2,5.2,Winter Minimum Temperature Change
E07000145,3.5°C,2.6,3.4,5.0,Winter Minimum Temperature Change
E07000146,3.5°C,2.0,3.1,5.0,Winter Minimum Temperature Change
E07000147,3.5°C,2.1,3.3,5.0,Winter Minimum Temperature Change
E07000148,3.5°C,1.8,3.1,5.3,Winter Minimum Temperature Change
E07000149,3.5°C,2.5,3.3,5.4,Winter Minimum Temperature Change
E07000170,3.5°C,1.7,3.3,5.5,Winter Minimum Temperature Change
E07000171,3.5°C,1.4,3.1,4.9,Winter Minimum Temperature Change
E07000172,3.5°C,1.8,3.0,4.7,Winter Minimum Temperature Change
E07000173,3.5°C,1.6,3.1,5.0,Winter Minimum Temperature Change
E07000174,3.5°C,1.8,3.2,5.4,Winter Minimum Temperature Change
E07000175,3.5°C,1.4,3.1,4.7,Winter Minimum Temperature Change
E07000176,3.5°C,1.7,3.0,4.5,Winter Minimum Temperature Change
E07000177,3.5°C,1.7,3.3,4.5,Winter Minimum Temperature Change
E07000178,3.5°C,1.7,2.7,3.8,Winter Minimum Temperature Change
E07000179,3.5°C,1.5,2.9,4.3,Winter Minimum Temperature Change
E07000180,3.5°C,1.4,2.7,4.0,Winter Minimum Temperature Change
E07000181,3.5°C,1.7,3.1,4.4,Winter Minimum Temperature Change
E07000192,3.5°C,2.3,3.8,5.5,Winter Minimum Temperature Change
E07000193,3.5°C,2.1,3.6,5.3,Winter Minimum Temperature Change
E07000194,3.5°C,1.9,3.5,4.8,Winter Minimum Temperature Change
E07000195,3.5°C,2.4,3.2,5.1,Winter Minimum Temperature Change
E07000196,3.5°C,2.0,3.1,4.9,Winter Minimum Temperature Change
E07000197,3.5°C,2.0,3.2,5.1,Winter Minimum Temperature Change
E07000198,3.5°C,3.0,4.1,6.2,Winter Minimum Temperature Change
E07000199,3.5°C,1.6,2.9,4.4,Winter Minimum Temperature Change
E07000200,3.5°C,2.1,3.4,4.9,Winter Minimum Temperature Change
E07000202,3.5°C,2.1,3.3,5.0,Winter Minimum Temperature Change
E07000203,3.5°C,2.3,3.5,5.1,Winter Minimum Temperature Change
E07000207,3.5°C,1.9,2.9,3.9,Winter Minimum Temperature Change
E07000208,3.5°C,2.0,2.9,4.3,Winter Minimum Temperature Change
E07000209,3.5°C,1.7,2.9,4.2,Winter Minimum Temperature Change
E07000210,3.5°C,2.2,3.2,4.6,Winter Minimum Temperature Change
E07000211,3.5°C,2.3,3.2,4.6,Winter Minimum Temperature Change
E07000212,3.5°C,1.7,2.9,4.0,Winter Minimum Temperature Change
E07000213,3.5°C,1.9,2.9,4.0,Winter Minimum Temperature Change
E07000214,3.5°C,1.5,3.0,4.2,Winter Minimum Temperature Change
E07000215,3.5°C,2.3,3.4,4.6,Winter Minimum Temperature Change
E07000216,3.5°C,1.8,3.1,4.2,Winter Minimum Temperature Change
E07000217,3.5°C,1.5,2.8,3.9,Winter Minimum Temperature Change
E07000218,3.5°C,2.2,3.2,4.7,Winter Minimum Temperature Change
E07000219,3.5°C,2.1,3.2,4.6,Winter Minimum Temperature Change
E07000220,3.5°C,2.1,3.1,4.5,Winter Minimum Temperature Change
E07000221,3.5°C,1.7,3.0,4.3,Winter Minimum Temperature Change
E07000222,3.5°C,2.0,3.1,4.2,Winter Minimum Temperature Change
E07000223,3.5°C,2.0,3.0,4.0,Winter Minimum Temperature Change
E07000224,3.5°C,2.2,2.9,3.9,Winter Minimum Temperature Change
E07000225,3.5°C,1.8,3.0,4.0,Winter Minimum Temperature Change
E07000226,3.5°C,1.8,3.2,4.2,Winter Minimum Temperature Change
E07000227,3.5°C,1.8,2.8,3.9,Winter Minimum Temperature Change
E07000228,3.5°C,2.0,3.2,4.1,Winter Minimum Temperature Change
E07000229,3.5°C,2.3,3.0,3.9,Winter Minimum Temperature Change
E07000234,3.5°C,2.3,3.2,5.3,Winter Minimum Temperature Change
E07000235,3.5°C,1.6,2.8,4.7,Winter Minimum Temperature Change
E07000236,3.5°C,2.1,3.0,4.8,Winter Minimum Temperature Change
E07000237,3.5°C,1.4,2.4,3.7,Winter Minimum Temperature Change
E07000238,3.5°C,1.5,2.4,3.9,Winter Minimum Temperature Change
E07000239,3.5°C,1.6,2.7,4.7,Winter Minimum Temperature Change
E07000240,3.5°C,2.0,3.2,4.5,Winter Minimum Temperature Change
E07000241,3.5°C,1.9,3.1,4.5,Winter Minimum Temperature Change
E07000242,3.5°C,2.0,3.2,4.7,Winter Minimum Temperature Change
E07000243,3.5°C,2.1,3.1,4.7,Winter Minimum Temperature Change
E07000244,3.5°C,2.2,3.4,5.0,Winter Minimum Temperature Change
E07000245,3.5°C,2.2,3.3,5.1,Winter Minimum Temperature Change
E08000001,3.5°C,2.1,3.1,5.0,Winter Minimum Temperature Change
E08000002,3.5°C,1.9,3.3,5.3,Winter Minimum Temperature Change
E08000003,3.5°C,1.2,2.9,4.7,Winter Minimum Temperature Change
E08000004,3.5°C,2.7,4.3,6.4,Winter Minimum Temperature Change
E08000005,3.5°C,2.6,4.0,6.1,Winter Minimum Temperature Change
E08000006,3.5°C,1.4,2.6,4.7,Winter Minimum Temperature Change
E08000007,3.5°C,1.6,3.0,5.0,Winter Minimum Temperature Change
E08000008,3.5°C,2.1,3.5,5.9,Winter Minimum Temperature Change
E08000009,3.5°C,1.3,2.8,4.6,Winter Minimum Temperature Change
E08000010,3.5°C,1.3,2.6,4.6,Winter Minimum Temperature Change
E08000011,3.5°C,1.6,2.6,4.2,Winter Minimum Temperature Change
E08000012,3.5°C,1.7,2.8,4.0,Winter Minimum Temperature Change
E08000013,3.5°C,1.6,2.6,4.2,Winter Minimum Temperature Change
E08000014,3.5°C,1.9,2.7,3.7,Winter Minimum Temperature Change
E08000015,3.5°C,2.3,3.1,3.8,Winter Minimum Temperature Change
E08000016,3.5°C,2.2,3.5,5.0,Winter Minimum Temperature Change
E08000017,3.5°C,1.5,3.0,5.1,Winter Minimum Temperature Change
E08000018,3.5°C,2.1,3.2,5.5,Winter Minimum Temperature Change
E08000019,3.5°C,2.9,4.2,5.5,Winter Minimum Temperature Change
E08000021,3.5°C,2.3,3.9,5.7,Winter Minimum Temperature Change
E08000022,3.5°C,2.3,3.6,5.3,Winter Minimum Temperature Change
E08000023,3.5°C,2.1,3.5,5.1,Winter Minimum Temperature Change
E08000024,3.5°C,2.4,3.7,5.5,Winter Minimum Temperature Change
E08000025,3.5°C,2.5,3.6,5.0,Winter Minimum Temperature Change
E08000026,3.5°C,2.4,3.2,4.4,Winter Minimum Temperature Change
E08000027,3.5°C,2.1,3.0,5.1,Winter Minimum Temperature Change
E08000028,3.5°C,2.6,3.2,5.3,Winter Minimum Temperature Change
E08000029,3.5°C,2.3,3.2,4.9,Winter Minimum Temperature Change
E08000030,3.5°C,2.6,3.4,5.5,Winter Minimum Temperature Change
E08000031,3.5°C,2.1,3.2,4.9,Winter Minimum Temperature Change
E08000032,3.5°C,2.7,3.9,5.8,Winter Minimum Temperature Change
E08000033,3.5°C,3.2,4.6,6.1,Winter Minimum Temperature Change
E08000034,3.5°C,2.4,3.7,5.5,Winter Minimum Temperature Change
E08000035,3.5°C,2.2,3.3,5.3,Winter Minimum Temperature Change
E08000036,3.5°C,1.5,2.8,5.0,Winter Minimum Temperature Change
E08000037,3.5°C,2.4,4.1,5.9,Winter Minimum Temperature Change
E09000001,3.5°C,2.5,3.5,4.1,Winter Minimum Temperature Change
E09000002,3.5°C,2.3,3.2,4.1,Winter Minimum Temperature Change
E09000003,3.5°C,2.1,3.3,4.1,Winter Minimum Temperature Change
E09000004,3.5°C,2.4,3.1,4.1,Winter Minimum Temperature Change
E09000005,3.5°C,2.1,3.3,4.1,Winter Minimum Temperature Change
E09000006,3.5°C,2.6,3.3,4.3,Winter Minimum Temperature Change
E09000007,3.5°C,2.5,3.4,4.1,Winter Minimum Temperature Change
E09000008,3.5°C,2.3,3.2,4.3,Winter Minimum Temperature Change
E09000009,3.5°C,2.1,3.2,4.0,Winter Minimum Temperature Change
E09000010,3.5°C,2.2,3.1,3.9,Winter Minimum Temperature Change
E09000011,3.5°C,2.4,3.3,4.0,Winter Minimum Temperature Change
E09000012,3.5°C,2.5,3.4,3.9,Winter Minimum Temperature Change
E09000013,3.5°C,2.5,3.3,3.9,Winter Minimum Temperature Change
E09000014,3.5°C,2.4,3.3,3.9,Winter Minimum Temperature Change
E09000015,3.5°C,2.0,3.1,4.1,Winter Minimum Temperature Change
E09000016,3.5°C,2.3,3.1,4.3,Winter Minimum Temperature Change
E09000017,3.5°C,1.8,3.1,3.9,Winter Minimum Temperature Change
E09000018,3.5°C,2.0,3.0,3.9,Winter Minimum Temperature Change
E09000019,3.5°C,2.5,3.4,4.0,Winter Minimum Temperature Change
E09000020,3.5°C,2.5,3.4,3.9,Winter Minimum Temperature Change
E09000021,3.5°C,2.1,3.0,3.8,Winter Minimum Temperature Change
E09000022,3.5°C,2.5,3.4,4.0,Winter Minimum Temperature Change
E09000023,3.5°C,2.4,3.4,4.0,Winter Minimum Temperature Change
E09000024,3.5°C,2.3,3.0,3.8,Winter Minimum Temperature Change
E09000025,3.5°C,2.6,3.5,3.9,Winter Minimum Temperature Change
E09000026,3.5°C,2.2,3.1,4.0,Winter Minimum Temperature Change
E09000027,3.5°C,2.1,3.0,3.8,Winter Minimum Temperature Change
E09000028,3.5°C,2.6,3.5,4.0,Winter Minimum Temperature Change
E09000029,3.5°C,2.1,3.0,4.1,Winter Minimum Temperature Change
E09000030,3.5°C,2.6,3.5,4.0,Winter Minimum Temperature Change
E09000031,3.5°C,2.3,3.0,3.8,Winter Minimum Temperature Change
E09000032,3.5°C,2.5,3.3,3.9,Winter Minimum Temperature Change
E09000033,3.5°C,2.6,3.4,4.0,Winter Minimum Temperature Change
N09000001,3.5°C,2.0,3.0,4.5,Winter Minimum Temperature Change
N09000002,3.5°C,1.7,2.8,3.4,Winter Minimum Temperature Change
N09000003,3.5°C,1.7,3.0,3.7,Winter Minimum Temperature Change
N09000004,3.5°C,1.9,3.2,4.5,Winter Minimum Temperature Change
N09000005,3.5°C,2.0,3.7,5.5,Winter Minimum Temperature Change
N09000006,3.5°C,2.0,3.3,5.4,Winter Minimum Temperature Change
N09000007,3.5°C,1.8,3.1,3.7,Winter Minimum Temperature Change
N09000008,3.5°C,1.9,3.1,4.5,Winter Minimum Temperature Change
N09000009,3.5°C,2.1,3.4,4.6,Winter Minimum Temperature Change
N09000010,3.5°C,1.7,2.7,3.7,Winter Minimum Temperature Change
N09000011,3.5°C,1.4,2.4,3.4,Winter Minimum Temperature Change
S12000005,3.5°C,2.4,5.2,7.0,Winter Minimum Temperature Change
S12000006,3.5°C,2.1,4.3,5.6,Winter Minimum Temperature Change
S12000008,3.5°C,2.6,4.4,6.7,Winter Minimum Temperature Change
S12000010,3.5°C,2.1,3.7,5.5,Winter Minimum Temperature Change
S12000011,3.5°C,1.3,4.4,6.2,Winter Minimum Temperature Change
S12000013,3.5°C,2.4,4.2,5.7,Winter Minimum Temperature Change
S12000014,3.5°C,1.6,3.7,6.3,Winter Minimum Temperature Change
S12000017,3.5°C,4.0,5.6,7.1,Winter Minimum Temperature Change
S12000018,3.5°C,1.6,4.4,5.9,Winter Minimum Temperature Change
S12000019,3.5°C,2.9,4.9,6.7,Winter Minimum Temperature Change
S12000020,3.5°C,4.1,5.9,6.8,Winter Minimum Temperature Change
S12000021,3.5°C,1.7,3.7,5.1,Winter Minimum Temperature Change
S12000023,3.5°C,2.8,4.6,5.3,Winter Minimum Temperature Change
S12000026,3.5°C,3.3,5.3,7.2,Winter Minimum Temperature Change
S12000027,3.5°C,2.7,4.2,5.0,Winter Minimum Temperature Change
S12000028,3.5°C,1.6,3.4,5.1,Winter Minimum Temperature Change
S12000029,3.5°C,3.0,5.3,7.4,Winter Minimum Temperature Change
S12000030,3.5°C,3.3,5.6,7.5,Winter Minimum Temperature Change
S12000033,3.5°C,3.1,5.3,6.5,Winter Minimum Temperature Change
S12000034,3.5°C,4.0,5.5,7.2,Winter Minimum Temperature Change
S12000035,3.5°C,2.1,4.4,5.7,Winter Minimum Temperature Change
S12000036,3.5°C,1.7,3.5,5.7,Winter Minimum Temperature Change
S12000038,3.5°C,1.3,4.1,6.0,Winter Minimum Temperature Change
S12000039,3.5°C,1.7,4.5,6.3,Winter Minimum Temperature Change
S12000040,3.5°C,2.4,4.6,6.9,Winter Minimum Temperature Change
S12000041,3.5°C,3.6,4.9,6.8,Winter Minimum Temperature Change
S12000042,3.5°C,1.8,4.2,5.8,Winter Minimum Temperature Change
S12000045,3.5°C,1.7,5.0,6.7,Winter Minimum Temperature Change
S12000047,3.5°C,1.9,4.2,6.0,Winter Minimum Temperature Change
S12000048,3.5°C,3.9,5.4,7.6,Winter Minimum Temperature Change
S12000049,3.5°C,0.7,3.2,5.2,Winter Minimum Temperature Change
S12000050,3.5°C,2.1,4.4,6.7,Winter Minimum Temperature Change
W06000001,3.5°C,2.3,2.7,3.6,Winter Minimum Temperature Change
W06000002,3.5°C,3.0,3.8,5.4,Winter Minimum Temperature Change
W06000003,3.5°C,3.1,4.4,5.6,Winter Minimum Temperature Change
W06000004,3.5°C,3.0,4.4,6.0,Winter Minimum Temperature Change
W06000005,3.5°C,2.7,3.6,4.7,Winter Minimum Temperature Change
W06000006,3.5°C,2.7,3.9,5.3,Winter Minimum Temperature Change
W06000008,3.5°C,3.0,3.6,4.8,Winter Minimum Temperature Change
W06000009,3.5°C,2.3,2.9,4.5,Winter Minimum Temperature Change
W06000010,3.5°C,2.7,3.5,4.8,Winter Minimum Temperature Change
W06000011,3.5°C,2.1,2.9,3.9,Winter Minimum Temperature Change
W06000012,3.5°C,2.8,3.5,4.7,Winter Minimum Temperature Change
W06000013,3.5°C,2.4,3.2,4.4,Winter Minimum Temperature Change
W06000014,3.5°C,1.8,2.7,3.7,Winter Minimum Temperature Change
W06000015,3.5°C,2.0,2.9,4.0,Winter Minimum Temperature Change
W06000016,3.5°C,2.7,3.7,5.5,Winter Minimum Temperature Change
W06000018,3.5°C,2.6,3.8,5.3,Winter Minimum Temperature Change
W06000019,3.5°C,3.3,4.4,5.8,Winter Minimum Temperature Change
W06000020,3.5°C,2.7,4.0,4.9,Winter Minimum Temperature Change
W06000021,3.5°C,2.2,3.1,4.7,Winter Minimum Temperature Change
W06000022,3.5°C,1.9,2.8,3.8,Winter Minimum Temperature Change
W06000023,3.5°C,3.1,4.3,6.1,Winter Minimum Temperature Change
W06000024,3.5°C,3.0,4.4,5.8,Winter Minimum Temperature Change
E12000007,3.5°C,2.4,3.2,4.0,Winter Minimum Temperature Change
E47000001,4°C,2.8,3.7,5.6,Winter Minimum Temperature Change
E47000002,4°C,3.4,4.0,5.6,Winter Minimum Temperature Change
E47000003,4°C,3.5,4.3,6.0,Winter Minimum Temperature Change
E47000004,4°C,2.5,3.3,4.3,Winter Minimum Temperature Change
E47000006,4°C,3.0,4.3,5.6,Winter Minimum Temperature Change
E47000007,4°C,3.1,3.8,4.8,Winter Minimum Temperature Change
E47000008,4°C,2.8,3.8,5.2,Winter Minimum Temperature Change
E47000009,4°C,2.5,3.6,4.2,Winter Minimum Temperature Change
E47000010,4°C,4.6,5.2,6.7,Winter Minimum Temperature Change
E47000011,4°C,4.6,5.5,6.9,Winter Minimum Temperature Change
E10000003,4°C,2.8,3.8,5.2,Winter Minimum Temperature Change
E10000007,4°C,3.6,4.3,6.2,Winter Minimum Temperature Change
E10000008,4°C,2.8,3.5,4.4,Winter Minimum Temperature Change
E10000011,4°C,2.5,3.6,4.6,Winter Minimum Temperature Change
E10000012,4°C,2.9,3.8,5.1,Winter Minimum Temperature Change
E10000013,4°C,2.7,3.8,4.8,Winter Minimum Temperature Change
E10000014,4°C,2.3,3.4,4.0,Winter Minimum Temperature Change
E10000015,4°C,2.9,3.6,4.9,Winter Minimum Temperature Change
E10000016,4°C,2.8,4.2,5.0,Winter Minimum Temperature Change
E10000017,4°C,3.1,3.8,5.1,Winter Minimum Temperature Change
E10000018,4°C,2.9,3.8,5.4,Winter Minimum Temperature Change
E10000019,4°C,2.6,3.6,5.1,Winter Minimum Temperature Change
E10000020,4°C,3.1,3.9,5.7,Winter Minimum Temperature Change
E10000024,4°C,2.5,3.6,5.1,Winter Minimum Temperature Change
E10000025,4°C,2.4,3.5,4.5,Winter Minimum Temperature Change
E10000028,4°C,3.0,3.7,5.5,Winter Minimum Temperature Change
E10000029,4°C,2.8,3.9,5.6,Winter Minimum Temperature Change
E10000030,4°C,2.5,3.6,4.6,Winter Minimum Temperature Change
E10000031,4°C,2.7,3.5,4.3,Winter Minimum Temperature Change
E10000032,4°C,2.4,3.5,4.3,Winter Minimum Temperature Change
E10000034,4°C,2.5,3.1,4.4,Winter Minimum Temperature Change
E06000001,4°C,2.6,4.2,5.4,Winter Minimum Temperature Change
E06000002,4°C,3.2,4.3,5.7,Winter Minimum Temperature Change
E06000003,4°C,3.6,4.5,5.4,Winter Minimum Temperature Change
E06000004,4°C,2.6,4.3,5.6,Winter Minimum Temperature Change
E06000005,4°C,2.8,4.9,5.9,Winter Minimum Temperature Change
E06000006,4°C,2.3,3.3,4.6,Winter Minimum Temperature Change
E06000007,4°C,2.2,3.2,4.5,Winter Minimum Temperature Change
E06000008,4°C,3.4,4.5,5.7,Winter Minimum Temperature Change
E06000009,4°C,2.5,3.1,3.9,Winter Minimum Temperature Change
E06000010,4°C,3.1,3.8,5.4,Winter Minimum Temperature Change
E06000011,4°C,3.2,3.9,5.8,Winter Minimum Temperature Change
E06000012,4°C,2.9,3.9,5.1,Winter Minimum Temperature Change
E06000013,4°C,2.3,3.6,4.9,Winter Minimum Temperature Change
E06000014,4°C,2.0,3.6,5.5,Winter Minimum Temperature Change
E06000015,4°C,2.5,3.7,4.8,Winter Minimum Temperature Change
E06000016,4°C,2.8,3.6,4.5,Winter Minimum Temperature Change
E06000017,4°C,3.2,4.0,5.3,Winter Minimum Temperature Change
E06000018,4°C,2.5,3.6,4.5,Winter Minimum Temperature Change
E06000019,4°C,2.7,3.5,5.4,Winter Minimum Temperature Change
E06000020,4°C,2.7,3.8,4.7,Winter Minimum Temperature Change
E06000021,4°C,2.9,3.9,5.9,Winter Minimum Temperature Change
E06000022,4°C,2.5,3.8,4.4,Winter Minimum Temperature Change
E06000023,4°C,2.4,3.5,4.0,Winter Minimum Temperature Change
E06000024,4°C,2.5,3.4,4.0,Winter Minimum Temperature Change
E06000025,4°C,2.4,3.5,4.1,Winter Minimum Temperature Change
E06000026,4°C,2.4,3.2,4.4,Winter Minimum Temperature Change
E06000027,4°C,2.3,3.1,3.9,Winter Minimum Temperature Change
E06000030,4°C,2.3,3.7,4.6,Winter Minimum Temperature Change
E06000031,4°C,2.9,3.8,5.2,Winter Minimum Temperature Change
E06000032,4°C,2.6,3.8,5.0,Winter Minimum Temperature Change
E06000033,4°C,2.7,3.9,4.8,Winter Minimum Temperature Change
E06000034,4°C,2.7,3.6,4.5,Winter Minimum Temperature Change
E06000035,4°C,2.8,3.9,4.8,Winter Minimum Temperature Change
E06000036,4°C,2.4,3.5,4.3,Winter Minimum Temperature Change
E06000037,4°C,2.3,3.7,4.4,Winter Minimum Temperature Change
E06000038,4°C,2.4,3.4,4.2,Winter Minimum Temperature Change
E06000039,4°C,2.5,3.4,4.0,Winter Minimum Temperature Change
E06000040,4°C,2.3,3.5,4.0,Winter Minimum Temperature Change
E06000041,4°C,2.2,3.3,4.1,Winter Minimum Temperature Change
E06000042,4°C,2.8,3.7,4.9,Winter Minimum Temperature Change
E06000043,4°C,2.7,3.5,4.6,Winter Minimum Temperature Change
E06000044,4°C,2.3,3.0,3.6,Winter Minimum Temperature Change
E06000045,4°C,2.2,3.1,3.8,Winter Minimum Temperature Change
E06000046,4°C,2.5,3.2,3.7,Winter Minimum Temperature Change
E06000047,4°C,4.7,5.4,6.8,Winter Minimum Temperature Change
E06000049,4°C,3.1,3.8,5.3,Winter Minimum Temperature Change
E06000050,4°C,3.1,3.6,5.1,Winter Minimum Temperature Change
E06000051,4°C,3.1,3.9,5.4,Winter Minimum Temperature Change
E06000052,4°C,2.6,3.3,4.4,Winter Minimum Temperature Change
E06000053,4°C,1.9,2.6,3.3,Winter Minimum Temperature Change
E06000054,4°C,2.4,3.6,4.4,Winter Minimum Temperature Change
E06000055,4°C,2.9,3.7,5.0,Winter Minimum Temperature Change
E06000056,4°C,2.7,3.6,4.8,Winter Minimum Temperature Change
E06000057,4°C,4.6,5.6,6.9,Winter Minimum Temperature Change
E06000058,4°C,2.2,3.1,3.6,Winter Minimum Temperature Change
E06000059,4°C,2.5,3.6,4.0,Winter Minimum Temperature Change
E06000060,4°C,2.8,3.7,4.8,Winter Minimum Temperature Change
E06000061,4°C,3.1,4.0,5.2,Winter Minimum Temperature Change
E06000062,4°C,2.9,4.0,5.1,Winter Minimum Temperature Change
E06000063,4°C,3.6,4.4,5.3,Winter Minimum Temperature Change
E06000064,4°C,3.7,5.2,6.2,Winter Minimum Temperature Change
E06000065,4°C,3.9,4.6,6.4,Winter Minimum Temperature Change
E06000066,4°C,2.6,3.8,4.2,Winter Minimum Temperature Change
E07000008,4°C,2.7,3.7,4.9,Winter Minimum Temperature Change
E07000009,4°C,2.8,3.9,5.4,Winter Minimum Temperature Change
E07000010,4°C,2.6,3.8,5.2,Winter Minimum Temperature Change
E07000011,4°C,2.8,3.6,5.2,Winter Minimum Temperature Change
E07000012,4°C,2.7,3.7,5.1,Winter Minimum Temperature Change
E07000032,4°C,2.9,3.9,5.5,Winter Minimum Temperature Change
E07000033,4°C,3.3,3.8,6.1,Winter Minimum Temperature Change
E07000034,4°C,3.1,4.1,5.9,Winter Minimum Temperature Change
E07000035,4°C,3.7,4.5,6.4,Winter Minimum Temperature Change
E07000036,4°C,2.5,3.6,4.7,Winter Minimum Temperature Change
E07000037,4°C,4.3,5.4,7.1,Winter Minimum Temperature Change
E07000038,4°C,3.5,4.1,6.2,Winter Minimum Temperature Change
E07000039,4°C,2.5,3.7,4.9,Winter Minimum Temperature Change
E07000040,4°C,2.6,3.6,4.1,Winter Minimum Temperature Change
E07000041,4°C,2.2,2.8,3.8,Winter Minimum Temperature Change
E07000042,4°C,2.7,3.5,4.6,Winter Minimum Temperature Change
E07000043,4°C,3.0,3.6,4.2,Winter Minimum Temperature Change
E07000044,4°C,2.5,3.4,4.3,Winter Minimum Temperature Change
E07000045,4°C,2.7,3.4,4.4,Winter Minimum Temperature Change
E07000046,4°C,2.7,3.4,4.4,Winter Minimum Temperature Change
E07000047,4°C,2.8,3.6,5.1,Winter Minimum Temperature Change
E07000061,4°C,2.5,3.4,4.3,Winter Minimum Temperature Change
E07000062,4°C,2.5,3.7,4.8,Winter Minimum Temperature Change
E07000063,4°C,2.3,3.4,4.4,Winter Minimum Temperature Change
E07000064,4°C,2.4,3.8,4.8,Winter Minimum Temperature Change
E07000065,4°C,2.6,3.6,4.7,Winter Minimum Temperature Change
E07000066,4°C,2.8,3.7,4.8,Winter Minimum Temperature Change
E07000067,4°C,2.8,3.7,5.4,Winter Minimum Temperature Change
E07000068,4°C,2.9,3.8,5.1,Winter Minimum Temperature Change
E07000069,4°C,2.7,3.6,4.8,Winter Minimum Temperature Change
E07000070,4°C,2.9,3.5,5.2,Winter Minimum Temperature Change
E07000071,4°C,2.9,3.7,4.8,Winter Minimum Temperature Change
E07000072,4°C,2.8,3.7,4.9,Winter Minimum Temperature Change
E07000073,4°C,2.8,3.5,4.9,Winter Minimum Temperature Change
E07000074,4°C,2.8,3.8,4.8,Winter Minimum Temperature Change
E07000075,4°C,2.5,3.8,4.7,Winter Minimum Temperature Change
E07000076,4°C,2.7,3.7,4.8,Winter Minimum Temperature Change
E07000077,4°C,2.8,3.8,5.5,Winter Minimum Temperature Change
E07000078,4°C,2.7,3.6,4.7,Winter Minimum Temperature Change
E07000079,4°C,2.8,4.0,5.2,Winter Minimum Temperature Change
E07000080,4°C,2.7,3.2,4.7,Winter Minimum Temperature Change
E07000081,4°C,2.5,3.1,3.8,Winter Minimum Temperature Change
E07000082,4°C,2.7,3.8,4.4,Winter Minimum Temperature Change
E07000083,4°C,2.5,3.6,4.3,Winter Minimum Temperature Change
E07000084,4°C,2.5,3.7,4.4,Winter Minimum Temperature Change
E07000085,4°C,2.5,3.8,4.7,Winter Minimum Temperature Change
E07000086,4°C,2.0,2.9,3.6,Winter Minimum Temperature Change
E07000087,4°C,2.2,3.0,3.6,Winter Minimum Temperature Change
E07000088,4°C,2.5,3.1,3.8,Winter Minimum Temperature Change
E07000089,4°C,2.2,3.4,4.4,Winter Minimum Temperature Change
E07000090,4°C,2.3,3.1,3.7,Winter Minimum Temperature Change
E07000091,4°C,2.2,3.2,3.7,Winter Minimum Temperature Change
E07000092,4°C,2.3,3.6,4.7,Winter Minimum Temperature Change
E07000093,4°C,2.0,3.3,3.9,Winter Minimum Temperature Change
E07000094,4°C,2.0,3.2,3.8,Winter Minimum Temperature Change
E07000095,4°C,2.8,3.5,4.4,Winter Minimum Temperature Change
E07000096,4°C,2.9,3.8,5.2,Winter Minimum Temperature Change
E07000098,4°C,2.5,3.7,4.7,Winter Minimum Temperature Change
E07000099,4°C,2.8,3.7,5.1,Winter Minimum Temperature Change
E07000102,4°C,2.6,3.6,4.5,Winter Minimum Temperature Change
E07000103,4°C,2.5,3.6,4.4,Winter Minimum Temperature Change
E07000105,4°C,2.8,4.5,5.3,Winter Minimum Temperature Change
E07000106,4°C,3.1,4.5,5.2,Winter Minimum Temperature Change
E07000107,4°C,2.6,3.6,4.5,Winter Minimum Temperature Change
E07000108,4°C,3.0,4.3,5.0,Winter Minimum Temperature Change
E07000109,4°C,2.9,3.9,4.8,Winter Minimum Temperature Change
E07000110,4°C,3.0,4.5,5.3,Winter Minimum Temperature Change
E07000111,4°C,3.1,4.0,5.0,Winter Minimum Temperature Change
E07000112,4°C,2.8,4.4,5.2,Winter Minimum Temperature Change
E07000113,4°C,3.1,4.2,5.0,Winter Minimum Temperature Change
E07000114,4°C,2.8,4.0,4.5,Winter Minimum Temperature Change
E07000115,4°C,3.1,4.1,5.0,Winter Minimum Temperature Change
E07000116,4°C,2.8,3.8,5.0,Winter Minimum Temperature Change
E07000117,4°C,3.3,4.7,6.5,Winter Minimum Temperature Change
E07000118,4°C,3.0,3.6,4.7,Winter Minimum Temperature Change
E07000119,4°C,2.1,3.1,4.2,Winter Minimum Temperature Change
E07000120,4°C,2.9,3.8,5.5,Winter Minimum Temperature Change
E07000121,4°C,3.1,3.5,4.8,Winter Minimum Temperature Change
E07000122,4°C,3.2,4.8,6.5,Winter Minimum Temperature Change
E07000123,4°C,2.4,3.5,4.6,Winter Minimum Temperature Change
E07000124,4°C,3.3,4.3,5.8,Winter Minimum Temperature Change
E07000125,4°C,3.3,5.5,6.8,Winter Minimum Temperature Change
E07000126,4°C,2.5,3.1,4.4,Winter Minimum Temperature Change
E07000127,4°C,2.6,3.0,4.3,Winter Minimum Temperature Change
E07000128,4°C,2.5,3.3,4.3,Winter Minimum Temperature Change
E07000129,4°C,3.2,3.8,4.8,Winter Minimum Temperature Change
E07000130,4°C,2.7,3.7,5.2,Winter Minimum Temperature Change
E07000131,4°C,3.3,3.8,5.4,Winter Minimum Temperature Change
E07000132,4°C,2.9,3.6,5.3,Winter Minimum Temperature Change
E07000133,4°C,2.8,3.8,5.8,Winter Minimum Temperature Change
E07000134,4°C,2.5,3.7,5.4,Winter Minimum Temperature Change
E07000135,4°C,2.7,3.6,4.9,Winter Minimum Temperature Change
E07000136,4°C,2.0,3.5,5.0,Winter Minimum Temperature Change
E07000137,4°C,3.0,4.0,5.5,Winter Minimum Temperature Change
E07000138,4°C,1.8,3.3,5.0,Winter Minimum Temperature Change
E07000139,4°C,2.0,3.6,5.0,Winter Minimum Temperature Change
E07000140,4°C,2.2,3.6,4.9,Winter Minimum Temperature Change
E07000141,4°C,2.9,3.9,5.1,Winter Minimum Temperature Change
E07000142,4°C,2.5,3.5,5.2,Winter Minimum Temperature Change
E07000143,4°C,3.2,4.0,5.8,Winter Minimum Temperature Change
E07000144,4°C,2.6,4.1,5.8,Winter Minimum Temperature Change
E07000145,4°C,3.1,4.0,5.4,Winter Minimum Temperature Change
E07000146,4°C,3.0,4.0,5.5,Winter Minimum Temperature Change
E07000147,4°C,2.7,4.0,5.6,Winter Minimum Temperature Change
E07000148,4°C,2.5,4.0,5.9,Winter Minimum Temperature Change
E07000149,4°C,2.9,4.1,6.0,Winter Minimum Temperature Change
E07000170,4°C,2.7,4.0,6.0,Winter Minimum Temperature Change
E07000171,4°C,2.3,3.7,5.1,Winter Minimum Temperature Change
E07000172,4°C,2.6,3.5,4.7,Winter Minimum Temperature Change
E07000173,4°C,2.8,3.6,5.3,Winter Minimum Temperature Change
E07000174,4°C,3.1,3.9,6.0,Winter Minimum Temperature Change
E07000175,4°C,2.2,3.6,5.0,Winter Minimum Temperature Change
E07000176,4°C,2.6,3.5,4.6,Winter Minimum Temperature Change
E07000177,4°C,2.6,3.7,4.6,Winter Minimum Temperature Change
E07000178,4°C,2.3,3.2,4.3,Winter Minimum Temperature Change
E07000179,4°C,2.4,3.4,4.5,Winter Minimum Temperature Change
E07000180,4°C,2.0,3.3,4.4,Winter Minimum Temperature Change
E07000181,4°C,2.6,3.8,4.8,Winter Minimum Temperature Change
E07000192,4°C,3.0,4.1,5.6,Winter Minimum Temperature Change
E07000193,4°C,2.7,3.8,5.3,Winter Minimum Temperature Change
E07000194,4°C,2.6,3.9,4.7,Winter Minimum Temperature Change
E07000195,4°C,3.2,3.7,5.5,Winter Minimum Temperature Change
E07000196,4°C,2.7,3.5,4.9,Winter Minimum Temperature Change
E07000197,4°C,2.9,3.5,5.5,Winter Minimum Temperature Change
E07000198,4°C,3.6,4.4,6.6,Winter Minimum Temperature Change
E07000199,4°C,2.3,3.3,4.3,Winter Minimum Temperature Change
E07000200,4°C,2.9,3.6,5.4,Winter Minimum Temperature Change
E07000202,4°C,2.8,3.8,5.4,Winter Minimum Temperature Change
E07000203,4°C,2.7,4.0,5.7,Winter Minimum Temperature Change
E07000207,4°C,2.3,3.5,4.1,Winter Minimum Temperature Change
E07000208,4°C,2.5,3.5,4.6,Winter Minimum Temperature Change
E07000209,4°C,2.3,3.4,4.5,Winter Minimum Temperature Change
E07000210,4°C,2.6,3.7,4.8,Winter Minimum Temperature Change
E07000211,4°C,2.7,3.8,4.9,Winter Minimum Temperature Change
E07000212,4°C,2.4,3.4,4.4,Winter Minimum Temperature Change
E07000213,4°C,2.3,3.5,4.3,Winter Minimum Temperature Change
E07000214,4°C,2.4,3.5,4.5,Winter Minimum Temperature Change
E07000215,4°C,2.8,3.9,5.0,Winter Minimum Temperature Change
E07000216,4°C,2.3,3.6,4.6,Winter Minimum Temperature Change
E07000217,4°C,2.4,3.4,4.2,Winter Minimum Temperature Change
E07000218,4°C,2.8,3.6,4.6,Winter Minimum Temperature Change
E07000219,4°C,2.9,3.7,4.7,Winter Minimum Temperature Change
E07000220,4°C,2.8,3.3,4.7,Winter Minimum Temperature Change
E07000221,4°C,2.6,3.5,4.4,Winter Minimum Temperature Change
E07000222,4°C,2.7,3.6,4.3,Winter Minimum Temperature Change
E07000223,4°C,2.6,3.4,4.5,Winter Minimum Temperature Change
E07000224,4°C,2.6,3.4,4.2,Winter Minimum Temperature Change
E07000225,4°C,2.5,3.6,4.3,Winter Minimum Temperature Change
E07000226,4°C,2.2,3.6,4.8,Winter Minimum Temperature Change
E07000227,4°C,2.2,3.3,4.3,Winter Minimum Temperature Change
E07000228,4°C,2.3,3.7,4.5,Winter Minimum Temperature Change
E07000229,4°C,2.7,3.5,4.5,Winter Minimum Temperature Change
E07000234,4°C,3.0,3.7,5.2,Winter Minimum Temperature Change
E07000235,4°C,2.6,3.2,4.8,Winter Minimum Temperature Change
E07000236,4°C,2.9,3.4,4.6,Winter Minimum Temperature Change
E07000237,4°C,2.3,2.8,3.7,Winter Minimum Temperature Change
E07000238,4°C,2.4,3.1,3.8,Winter Minimum Temperature Change
E07000239,4°C,2.5,3.2,4.5,Winter Minimum Temperature Change
E07000240,4°C,2.8,3.6,4.8,Winter Minimum Temperature Change
E07000241,4°C,2.7,3.6,4.8,Winter Minimum Temperature Change
E07000242,4°C,2.8,3.7,5.1,Winter Minimum Temperature Change
E07000243,4°C,2.9,3.5,5.3,Winter Minimum Temperature Change
E07000244,4°C,2.7,4.1,5.5,Winter Minimum Temperature Change
E07000245,4°C,2.8,3.8,5.5,Winter Minimum Temperature Change
E08000001,4°C,3.1,4.0,5.2,Winter Minimum Temperature Change
E08000002,4°C,2.8,3.8,5.5,Winter Minimum Temperature Change
E08000003,4°C,1.7,3.1,4.9,Winter Minimum Temperature Change
E08000004,4°C,3.1,4.5,7.0,Winter Minimum Temperature Change
E08000005,4°C,2.9,4.5,6.6,Winter Minimum Temperature Change
E08000006,4°C,2.1,3.1,4.8,Winter Minimum Temperature Change
E08000007,4°C,2.4,3.6,5.4,Winter Minimum Temperature Change
E08000008,4°C,2.6,4.1,6.5,Winter Minimum Temperature Change
E08000009,4°C,2.2,3.0,4.8,Winter Minimum Temperature Change
E08000010,4°C,2.1,3.3,4.6,Winter Minimum Temperature Change
E08000011,4°C,2.4,3.5,4.4,Winter Minimum Temperature Change
E08000012,4°C,2.7,3.4,4.3,Winter Minimum Temperature Change
E08000013,4°C,2.4,3.3,4.4,Winter Minimum Temperature Change
E08000014,4°C,2.5,3.3,4.0,Winter Minimum Temperature Change
E08000015,4°C,2.9,3.6,4.3,Winter Minimum Temperature Change
E08000016,4°C,3.5,4.0,5.6,Winter Minimum Temperature Change
E08000017,4°C,2.5,3.4,5.2,Winter Minimum Temperature Change
E08000018,4°C,3.0,4.0,5.9,Winter Minimum Temperature Change
E08000019,4°C,3.9,4.7,6.0,Winter Minimum Temperature Change
E08000021,4°C,2.9,4.7,6.0,Winter Minimum Temperature Change
E08000022,4°C,2.9,4.2,5.5,Winter Minimum Temperature Change
E08000023,4°C,2.8,4.0,5.3,Winter Minimum Temperature Change
E08000024,4°C,3.2,4.3,5.8,Winter Minimum Temperature Change
E08000025,4°C,3.1,4.1,4.9,Winter Minimum Temperature Change
E08000026,4°C,3.0,3.7,4.4,Winter Minimum Temperature Change
E08000027,4°C,2.8,3.6,4.9,Winter Minimum Temperature Change
E08000028,4°C,3.1,3.7,5.1,Winter Minimum Temperature Change
E08000029,4°C,3.0,3.7,4.7,Winter Minimum Temperature Change
E08000030,4°C,3.0,4.1,5.4,Winter Minimum Temperature Change
E08000031,4°C,2.7,3.8,4.8,Winter Minimum Temperature Change
E08000032,4°C,3.6,4.7,6.1,Winter Minimum Temperature Change
E08000033,4°C,3.9,5.2,6.7,Winter Minimum Temperature Change
E08000034,4°C,3.7,4.5,6.1,Winter Minimum Temperature Change
E08000035,4°C,3.1,3.9,5.5,Winter Minimum Temperature Change
E08000036,4°C,2.1,3.5,5.4,Winter Minimum Temperature Change
E08000037,4°C,3.5,4.9,6.2,Winter Minimum Temperature Change
E09000001,4°C,3.0,4.1,4.5,Winter Minimum Temperature Change
E09000002,4°C,2.7,3.6,4.4,Winter Minimum Temperature Change
E09000003,4°C,2.7,3.7,4.4,Winter Minimum Temperature Change
E09000004,4°C,2.8,3.6,4.4,Winter Minimum Temperature Change
E09000005,4°C,2.8,3.7,4.4,Winter Minimum Temperature Change
E09000006,4°C,2.9,3.7,4.7,Winter Minimum Temperature Change
E09000007,4°C,2.8,4.0,4.5,Winter Minimum Temperature Change
E09000008,4°C,2.7,3.9,4.7,Winter Minimum Temperature Change
E09000009,4°C,2.7,3.4,4.3,Winter Minimum Temperature Change
E09000010,4°C,2.9,3.6,4.3,Winter Minimum Temperature Change
E09000011,4°C,2.8,3.9,4.4,Winter Minimum Temperature Change
E09000012,4°C,2.9,4.0,4.4,Winter Minimum Temperature Change
E09000013,4°C,3.0,3.9,4.3,Winter Minimum Temperature Change
E09000014,4°C,2.8,3.9,4.4,Winter Minimum Temperature Change
E09000015,4°C,2.4,3.7,4.3,Winter Minimum Temperature Change
E09000016,4°C,2.7,3.6,4.6,Winter Minimum Temperature Change
E09000017,4°C,2.5,3.4,4.1,Winter Minimum Temperature Change
E09000018,4°C,2.6,3.4,4.1,Winter Minimum Temperature Change
E09000019,4°C,2.9,4.0,4.4,Winter Minimum Temperature Change
E09000020,4°C,2.9,4.0,4.3,Winter Minimum Temperature Change
E09000021,4°C,2.5,3.6,4.1,Winter Minimum Temperature Change
E09000022,4°C,2.8,4.1,4.4,Winter Minimum Temperature Change
E09000023,4°C,2.9,4.0,4.3,Winter Minimum Temperature Change
E09000024,4°C,2.7,3.7,4.2,Winter Minimum Temperature Change
E09000025,4°C,2.8,4.0,4.3,Winter Minimum Temperature Change
E09000026,4°C,2.7,3.4,4.3,Winter Minimum Temperature Change
E09000027,4°C,2.5,3.5,4.1,Winter Minimum Temperature Change
E09000028,4°C,2.9,4.1,4.4,Winter Minimum Temperature Change
E09000029,4°C,2.6,3.7,4.5,Winter Minimum Temperature Change
E09000030,4°C,3.0,4.0,4.4,Winter Minimum Temperature Change
E09000031,4°C,2.8,3.4,4.3,Winter Minimum Temperature Change
E09000032,4°C,2.8,3.9,4.2,Winter Minimum Temperature Change
E09000033,4°C,3.0,4.1,4.3,Winter Minimum Temperature Change
N09000001,4°C,3.0,3.5,4.8,Winter Minimum Temperature Change
N09000002,4°C,2.6,3.4,4.0,Winter Minimum Temperature Change
N09000003,4°C,2.9,3.4,4.0,Winter Minimum Temperature Change
N09000004,4°C,2.8,3.7,4.6,Winter Minimum Temperature Change
N09000005,4°C,3.0,4.2,5.9,Winter Minimum Temperature Change
N09000006,4°C,3.1,3.9,5.9,Winter Minimum Temperature Change
N09000007,4°C,2.5,3.6,3.9,Winter Minimum Temperature Change
N09000008,4°C,2.7,3.8,4.8,Winter Minimum Temperature Change
N09000009,4°C,3.2,3.9,5.1,Winter Minimum Temperature Change
N09000010,4°C,2.6,3.1,4.0,Winter Minimum Temperature Change
N09000011,4°C,2.1,3.0,3.4,Winter Minimum Temperature Change
S12000005,4°C,4.4,5.9,7.2,Winter Minimum Temperature Change
S12000006,4°C,3.4,4.8,5.8,Winter Minimum Temperature Change
S12000008,4°C,3.9,5.0,7.3,Winter Minimum Temperature Change
S12000010,4°C,3.7,4.3,5.7,Winter Minimum Temperature Change
S12000011,4°C,3.9,4.5,6.4,Winter Minimum Temperature Change
S12000013,4°C,3.5,4.9,5.9,Winter Minimum Temperature Change
S12000014,4°C,3.1,4.6,6.4,Winter Minimum Temperature Change
S12000017,4°C,4.7,6.6,7.6,Winter Minimum Temperature Change
S12000018,4°C,3.7,5.3,6.2,Winter Minimum Temperature Change
S12000019,4°C,4.6,5.3,7.0,Winter Minimum Temperature Change
S12000020,4°C,5.2,6.3,7.4,Winter Minimum Temperature Change
S12000021,4°C,3.4,4.4,5.5,Winter Minimum Temperature Change
S12000023,4°C,4.0,5.0,5.6,Winter Minimum Temperature Change
S12000026,4°C,4.8,5.6,7.4,Winter Minimum Temperature Change
S12000027,4°C,3.8,4.8,5.2,Winter Minimum Temperature Change
S12000028,4°C,3.4,4.1,5.4,Winter Minimum Temperature Change
S12000029,4°C,4.4,5.6,7.8,Winter Minimum Temperature Change
S12000030,4°C,5.0,6.7,7.7,Winter Minimum Temperature Change
S12000033,4°C,4.1,6.1,7.0,Winter Minimum Temperature Change
S12000034,4°C,5.2,6.5,7.8,Winter Minimum Temperature Change
S12000035,4°C,3.9,5.0,6.2,Winter Minimum Temperature Change
S12000036,4°C,3.1,4.1,6.0,Winter Minimum Temperature Change
S12000038,4°C,3.4,4.4,6.3,Winter Minimum Temperature Change
S12000039,4°C,3.5,5.3,6.7,Winter Minimum Temperature Change
S12000040,4°C,4.0,5.2,7.3,Winter Minimum Temperature Change
S12000041,4°C,4.4,5.7,7.3,Winter Minimum Temperature Change
S12000042,4°C,2.4,4.9,6.1,Winter Minimum Temperature Change
S12000045,4°C,3.8,5.5,7.0,Winter Minimum Temperature Change
S12000047,4°C,3.1,4.6,6.0,Winter Minimum Temperature Change
S12000048,4°C,4.9,6.5,7.9,Winter Minimum Temperature Change
S12000049,4°C,2.7,3.7,5.5,Winter Minimum Temperature Change
S12000050,4°C,3.8,4.9,7.0,Winter Minimum Temperature Change
W06000001,4°C,2.9,3.2,3.7,Winter Minimum Temperature Change
W06000002,4°C,3.6,4.6,5.7,Winter Minimum Temperature Change
W06000003,4°C,4.1,5.0,6.4,Winter Minimum Temperature Change
W06000004,4°C,3.9,4.9,6.4,Winter Minimum Temperature Change
W06000005,4°C,3.6,4.2,5.2,Winter Minimum Temperature Change
W06000006,4°C,3.7,4.5,5.6,Winter Minimum Temperature Change
W06000008,4°C,3.6,4.2,5.1,Winter Minimum Temperature Change
W06000009,4°C,2.8,3.6,4.9,Winter Minimum Temperature Change
W06000010,4°C,3.0,4.0,5.1,Winter Minimum Temperature Change
W06000011,4°C,2.5,3.4,3.8,Winter Minimum Temperature Change
W06000012,4°C,3.2,3.9,4.8,Winter Minimum Temperature Change
W06000013,4°C,3.1,3.7,4.4,Winter Minimum Temperature Change
W06000014,4°C,2.5,3.1,3.7,Winter Minimum Temperature Change
W06000015,4°C,2.5,3.3,4.3,Winter Minimum Temperature Change
W06000016,4°C,3.2,4.2,5.5,Winter Minimum Temperature Change
W06000018,4°C,3.2,4.1,5.5,Winter Minimum Temperature Change
W06000019,4°C,3.8,5.0,6.3,Winter Minimum Temperature Change
W06000020,4°C,3.4,4.3,5.6,Winter Minimum Temperature Change
W06000021,4°C,2.7,3.7,5.2,Winter Minimum Temperature Change
W06000022,4°C,2.5,3.4,4.2,Winter Minimum Temperature Change
W06000023,4°C,3.7,4.8,6.3,Winter Minimum Temperature Change
W06000024,4°C,3.6,4.7,6.2,Winter Minimum Temperature Change
E12000007,4°C,2.9,3.8,4.3,Winter Minimum Temperature Change
